1,2,3,4,5
-1.2413270582824898,0.8465429322580461,-0.6277194243187675,1.5398944141883437,0.7273234346706348
-1.2105073915024305,0.7307282718845758,-0.6389088548797968,1.4654603899793246,0.7460685094595664
-1.2288359687852244,0.8917435696875178,-0.7321585468648925,1.437665473102455,0.8315454742551641
-1.3056727495913576,0.9194837754551669,-0.8212480523948772,1.5231829766742695,0.8896753531218048
-1.212228503302915,0.9551815808925458,-0.9315252557936112,1.460790506616404,0.9729857947369877
-1.2170187527646867,0.9461638502801499,-0.9753564281013789,1.4624085579127293,0.9661208902041081
-1.195859633520339,0.9655489799881118,-0.9024044732270323,1.451605503790403,0.9054777726358134
-1.2497669147786863,0.9102546927860884,-0.8611354155576859,1.487021082672714,0.8915802364778993
-1.2280807911734473,0.9346205500327591,-0.8623721124234858,1.4928449297416329,0.8734343711788046
-1.236917693369096,0.9497874957396502,-0.9100949610945953,1.472527183088944,0.9625854080572634
-1.23686579265315,0.9161185139444293,-0.8596150710492767,1.4889086503847713,0.8677937571335111
-1.236399643792665,0.9338267518005919,-0.8356211809243089,1.4752286551704723,0.8516959365808814
-1.2176826922436386,0.9143085638768882,-0.8324889314073308,1.4838836038642462,0.8760592608517288
-1.1255941752704297,1.1255463144158524,-1.0939354730799846,1.2643743764039772,0.9671430914764128
-1.161017020550651,1.1731824439859613,-1.217203802999039,1.24558774751249,1.0360716889710446
-1.1298025789088673,1.1544131253415975,-1.1985632244720459,1.3061929258079688,0.9840402579410112
-1.1181244762984404,1.0949153001585217,-1.0136670976977256,1.2693839166703398,0.8194174645758288
-1.092072394351574,1.2229011213572083,-1.232350557007056,1.0610113386495306,1.1879886435123206
-1.1289554790334022,1.2072305628225108,-1.2929485983886593,1.1203639781686174,1.062837758237379
-1.0270353341613878,1.1852082531752925,-1.2486664066198376,0.9627985076897898,1.0577469856086508
-0.9686370277669091,1.1247378439610245,-1.0200300992520632,1.000847184421363,0.8385321117931329
-1.0441931876895811,1.1812715129535387,-1.1272768282455206,1.1135679996949155,0.9481764946747161
-1.034344878587962,1.1671006007001876,-1.1012375994728716,1.0746919178196566,0.8476676813755093
-1.011100618172574,1.1108560456905623,-0.9238676504788674,1.139025547181831,0.7783221142106376
-1.021632988673875,1.2860419108673418,-1.2444509763251648,0.9899345291756324,1.0348129660674956
-1.0856135889455079,1.2343118926410235,-1.178828609204944,1.0860283195890583,1.0008706431620584
-1.0543938830262465,1.2694332405240862,-1.1794458873579488,1.0505880946544994,0.9504391936987513
-1.0531931613118493,1.2633249571752403,-1.151637561912736,1.0275097128432973,0.9312852159303965
-0.9697422111118307,1.3454948415011074,-1.3357785471375865,0.8697150458878189,1.0389673441338478
-1.0072057465119413,1.2311945137772613,-1.1616280150119143,1.1013726627713407,0.9709036215112193
-1.0264069951641488,1.221346549200161,-1.186047193379073,1.1090943176137293,0.8793419010404053
-1.0493520688815139,1.246589368391869,-1.2210087183069736,1.0038549768668115,1.0080093022662213
-0.7026855288656499,1.331191348056456,-1.2881817986853346,-1.0,0.7279311154614276
-0.7004234460558335,1.2982605222534698,-1.249990529888296,-1.0,0.7242522701903601
-0.6991719301118003,1.2821997419357831,-1.2755874813294723,-1.0,0.7465900253900289
-0.762897242761651,1.2556392354481927,-1.2833158906513873,-1.0,0.7646540170377379
-0.8092029558849531,1.1923024470708166,-1.2318289520434718,-1.0,0.7638046092813848
-0.7973763308880896,1.240654901022312,-1.274087146143386,-1.0,0.7721609823931586
-0.8000517462984104,1.1790887393304739,-1.0788708348731764,0.6920701445062348,0.7475182695001379
-0.9687593011116782,1.0943740153787103,-0.9548184936082333,0.8756059763339455,0.748244675297971
-0.9497329327694539,1.028555158220353,-0.9413413797687561,0.9097217228054987,0.7823973479170324
-0.9454502605935025,1.0596856770924523,-0.9376417355635559,0.9470485068331432,0.7540400184374239
-0.9061067694123754,1.1185158365297847,-1.10381801261227,0.8597760503002273,0.8281216167613608
-0.909646709552279,1.084745787875095,-0.974608990836292,0.904971736193469,0.7424149825734
-1.068740992351138,1.0459942809777296,-0.917345258851575,1.104073660146207,0.7570185388491173
-1.0232874728046,1.049919321826291,-0.9555257823067579,1.0226020539982925,0.814621791113707
-0.984884271436464,1.0271163752644568,-0.9216960541003092,0.972034944018657,0.7684566508436023
-0.9591463576001737,1.0389991652317958,-0.9751813850043876,0.9183601408470633,0.8273036268929764
-0.985127601656781,1.0385647110624012,-0.9697754587865082,0.9166684180803211,0.8152728324556142
-1.089443402292399,1.000619388234759,-0.8469336254929201,1.124547915318142,0.7511499716408369
-1.0907968878688752,1.0384604122321144,-0.9249940104993274,1.0451912930797327,0.6946872575156356
-0.7948007723350633,1.3116537421065482,-1.2088987091247565,0.7164610261997156,0.7189962221237207
-0.7984320703660956,1.3187278313548167,-1.2798297530107303,-1.0,0.9227482420583468
-0.8678822979024557,1.3427707820992332,-1.319262371393542,0.7207187953598972,0.9027303608995632
-0.8969229006457496,1.3407808000076655,-1.3443032238266064,0.7099381431624988,0.9117604547297379
-0.8784123063614947,1.3177420041735277,-1.3155681114995212,0.7390725274294165,0.8787325034300052
-0.8670949956472626,1.3405299594932651,-1.3114088531623682,-1.0,0.9057131308858473
-0.9140274185118198,1.3501641944042453,-1.347538224891714,-1.2347896730198067,0.8837441766006936
-0.9158114642527212,1.2958923915887568,-1.2012477044426446,0.7064935314166794,0.84204024401668
-0.8375421362744689,1.2860499441320514,-1.184231250061905,0.7066991230603297,0.8608263992841491
-0.8713454713027243,1.285480968903828,-1.2165996528411072,0.7342243518572227,0.8830005856038644
-0.9554561464868743,1.311193586460937,-1.2633561551987393,0.8093419272883223,0.8820002365561485
-0.9939621272061288,1.294323539868299,-1.207625584007221,0.8635368314150507,0.8909046378390959
-1.0154806858338838,1.225734355783204,-1.1848246312461066,0.9389581471501683,0.8413767904304134
-1.0247933638957674,1.1978987949643132,-1.1019797475641722,0.9741150843613284,0.7978445495619694
-0.9475984107511478,1.2517209445201398,-1.1513674873869881,0.861331967992089,0.7880567239550633
-0.9272072563439672,1.1294151503853678,-1.1135823092769357,0.9716331370725124,0.7534013118526679
-0.8919969259447164,1.1472390776836505,-1.1495113230928027,0.8506692282753605,0.7208558912522623
-0.9673338490628299,1.0933782389459068,-1.0687052408532136,1.0322798501632953,0.7654734361735674
-1.0128276842463908,1.133447051569242,-1.0936594786166802,1.0267202423701516,0.7449833147302751
-0.8801484373634819,1.1261941236350435,-1.0645291757081985,0.8598944076662567,0.6387261634431228
-0.9575708588968935,1.0874977256736953,-1.0056548827494154,0.9750985809933745,0.6557985024502566
-0.9549106022482262,1.1550991247146432,-1.0768908232134382,0.9401550576262193,0.6604639163448622
-0.9814187622530934,1.140907250085532,-1.0819809388951158,1.0095603195429768,0.7166853071635276
-0.950796818940678,1.1145860914488073,-1.0796196531556466,0.9117360819518424,0.6766653034810541
-0.7312165464875926,1.2755887098702376,-1.331532590858383,-1.3506550609208479,0.9560671982163301
-1.0245093073409657,1.139905819830215,-1.043354421656606,1.0995376049724446,0.7101920232420714
-1.057994118933537,1.0521990091511595,-0.9389991036351102,1.247561782205982,0.7374407341111298
-1.0972346541790874,1.0314017778051794,-0.8563165682259194,1.2938840707206127,0.650834126020317
-1.081478767301472,1.017783801042055,-0.8622474533728053,1.2677212784344674,0.6515700692742087
-1.1053706109422237,0.9894887540767096,-0.8350308659218403,1.3133237340482378,0.6584994051308449
-1.0970130606776674,0.9720850583148705,-0.8304459686384014,1.2870126284276604,0.6493189214379561
-1.0705424661589076,1.0222406708643526,-0.8663334691106845,1.2436232482661254,0.6440628305767873
-0.8398492735580041,1.2295621529311411,-1.1861576468320867,0.6422878792619288,0.7524528661919561
-0.8310355996723812,1.188615789821497,-1.0616428349792069,0.7235792705597833,0.6492062723379471
-0.8374655429847975,1.18338509502526,-1.0418741518604948,0.7280713511046559,0.6511848630203317
-0.8691159397354239,1.1972632059487969,-1.0854298224462617,0.7598828724427841,0.7344565542668082
-0.9325015909033879,1.206691039631315,-1.0952294142152015,0.8232539021288192,0.716000229074719
-0.908161046971715,1.172289536376851,-1.066137991416889,0.8040380594828705,0.697623366313506
-0.8360411174111724,1.1929179089311028,-1.1147311812717262,0.6489119610814631,0.6986805591572917
-0.9369855350740043,1.1900742699773954,-1.0538328677638675,0.8154320501900585,0.6822727616263445
-0.9215744894110989,1.180744952888445,-0.9776155129439857,0.8310515637320831,0.6714170641138301
-0.9769070482123346,1.1577163147273093,-0.9837769813392859,0.9196890015801146,0.6627454951793083
-0.9625344758520136,1.1868621142297615,-1.0433677334669702,0.8595097987620988,0.7073185927087886
-0.9265201988550564,1.1937239143397271,-1.0933210367932906,0.7965430599599779,0.7207518044415949
-0.9601048811658489,1.1841719337063956,-1.0182537664398055,0.8516405905757825,0.6820081893743312
-0.9069981217152554,1.1421223945135206,-0.9597343625841925,0.8364514534803577,0.6566490628981232
-0.752673120237396,1.1982174359955433,-1.1361744216045562,-1.1363610573832559,0.6536634357196587
-0.7672388364461088,1.2235663669141255,-1.214013831642453,-1.2515932315194458,0.7940096053661427
-0.78483118042959,1.2162979501527473,-1.2346711387433154,-1.2121719035995535,0.7990787900428462
-0.718303057265478,1.2516518543567174,-1.2615020384117483,-1.3908539139546399,0.7641180615457273
-0.7825368292744778,1.27640789433727,-1.2994418459070638,-1.0,0.7901787646002069
-0.8540228836031484,1.242989549971462,-1.2843272020053103,-1.0,0.8003809698506767
-0.7631385876444899,1.216398846713155,-1.1792343051728333,-1.0,0.7152294611219998
-0.7288771841979584,1.1876576873876348,-1.1573444212288415,-1.0,0.694181178013336
-0.7822682039718816,1.2399189813240792,-1.2576075229168135,-1.2120398749052628,0.7586167489160718
-0.7940578265561092,1.246720917764431,-1.1823122397887673,-1.0,0.7067203510638034
-0.7677896539629413,1.2029970987212038,-1.1981754450084467,-1.0,0.709219209305144
-0.7650827146311684,1.2152317924857738,-1.200046549791596,-1.0,0.6490116758712291
-0.7245335417436858,1.2429045764975462,-1.2208174337791962,-1.2769249294182239,0.6564021278691708
-0.7309889581611027,1.2791722004765558,-1.2019671348051402,-1.2801827961762506,0.6594828521547175
-0.7797747424406134,1.1804116606306365,-1.1405384834404004,-1.0,0.7298373755825244
-0.7795174905257514,1.240884738824184,-1.122194794793329,-1.2576807779905783,0.6901411916775101
-0.7133154986103186,1.2444112752708638,-1.0988924323382512,-1.0165853038435095,0.6623992521797766
-0.6610102704090046,1.2773126132111423,-1.1488316584067637,-1.2890082576631794,0.66380834774788
-0.7067220614154264,1.2893521237632382,-1.1679816284930067,-1.2231289880354321,0.6806687060299335
-0.6819345924038794,1.245696556756196,-1.1507486119141597,-1.0,0.6418932630053624
-0.6961028902736213,1.2536616010650226,-1.1594832208886283,-1.0,0.6634493875259632
-0.6511918112978057,1.201975713503433,-1.0629422023574597,-1.0,0.6124890291052788
-0.7775028588345431,1.2569193449763962,-1.2703046210639855,-1.0,0.7387484208504045
-0.6593006060993535,1.213347132636477,-1.1233604996829787,-1.0,0.6318689819002933
-0.703994973003153,1.1876162808192094,-1.0638500788547247,-1.0,0.6140469250860927
-0.7691093023863912,1.188590721438713,-1.0162124542571713,0.6898851520351689,0.6387091407829609
-0.8095768113368208,1.1920047878016362,-1.0478528207697053,0.782303624826175,0.6432485941126826
-0.7860935871459938,1.1786656097334718,-1.0861319762710726,0.7152490971376945,0.6430968118303122
-0.792262775176438,1.2101250134119257,-1.1180337397049571,0.6617036189436285,0.6645681866525106
-0.7829753383515939,1.2447395963817567,-1.1900352743078544,-1.0,0.6521294788576658
-0.7831808289840458,1.1497048057406345,-1.0379735491063158,0.7389665078087106,0.6261520596615077
-0.7895958367395696,1.172584984391491,-1.134914313351564,0.7074317245535539,0.6798819116092623
-0.7586768373933895,1.1624517603067652,-1.0985972439511318,0.6915475173378319,0.648236673210692
-0.7618013766310727,1.178036042850441,-1.0722022219649359,0.7024714278405617,0.6974443477984432
-0.7605401398930841,1.1962542365851598,-1.145783487347556,-1.0,0.6941412834302026
-0.7830416630990877,1.1456438960902195,-1.0082960225752473,0.712921794470911,0.6476270325036485
-0.7879354795498411,1.179578092513179,-1.0832278818608487,0.7361031984242011,0.6715106832701883
-0.7170034177552279,1.1207837009484576,-0.9736921963655086,0.7210465353122159,0.6255123338482849
-0.6785453476541977,1.1846450055835855,-1.0223526971633414,-1.0,0.6207364838785687
-0.7329549567718495,1.2488047389648165,-1.2043320528775958,-1.0,0.7210248598713908
-0.7621637786019911,1.2087736271184797,-1.1487012235310576,-1.0,0.7278295421113266
-0.7211426910144185,1.174074285350472,-1.034755917612005,0.6449825314486393,0.6418242943489243
-0.8191255052485575,1.1367802410080767,-1.0649299208223415,0.7311187069132549,0.6373562171871001
-0.7812512812318164,1.1658575655511942,-1.1128833519271897,0.6928890702636151,0.723803111194702
-0.7537772744197005,1.170334435275418,-1.0982992617422367,0.675973943792191,0.6386542765328399
-0.8451945469732512,1.194278993863722,-1.1568262838101402,0.7521857752146315,0.7152747372533621
-0.8540034383321629,1.1880055305406334,-1.1474740148792026,0.7285552886355393,0.6914291934958727
-0.7882755926768549,1.1801239992068087,-1.110020397827937,0.6975055272932874,0.6676510288737478
-0.7913158654887403,1.1819989729758378,-1.0655611010255084,0.6746020957394002,0.6370913987049996
-0.7405827711902732,1.263165502635815,-1.216494755931522,-1.0,0.6969284094906693
-0.7274309287404883,1.2165579723372557,-1.1730091658842947,-1.1745787212625327,0.6582760094725557
-0.7431228646564217,1.2429723408612818,-1.2039848166826868,-1.0,0.6928304228740165
-0.7625160550178993,1.2271316332190965,-1.1896224034997533,-1.0,0.7342607275512869
-0.7174471921604336,1.25821360155481,-1.2276435239009407,-1.0,0.7802830304542657
-0.6107279214330081,1.269894579023132,-1.226486086066962,-1.0,0.7393477265740374
-0.7490707513006781,1.2661138392343532,-1.2449752328665755,-1.0,0.7728125332099086
-0.7677913997951278,1.2243709666373483,-1.1926397807076665,-0.971161845234063,0.7010949041799088
-0.7898093528258385,1.2374553679610742,-1.2352925021759946,-0.9718003165666791,0.7506167192221447
-0.8076277042609933,1.228546249879737,-1.1758967942070542,-1.0595687095022033,0.6749052101389504
-0.7725610695998457,1.2104030706261948,-1.1094518309099544,-1.0,0.6473415172411326
-0.7378444989635125,1.264823425516841,-1.1580075116072095,-1.0818107026428325,0.6883425715862748
-0.778096694840939,1.205767417128713,-1.09537941368613,-1.0647160957569664,0.6379804383833458
-0.765573396936899,1.2213195550632217,-1.1433063828578762,-1.0,0.6723164362030775
-0.8335359389968774,1.2260158868207272,-1.1269101869706635,0.6829389485120052,0.6619121683550253
-0.6938426377885372,1.2679631722369191,-1.1906275236740276,-1.0,0.6643294184352339
-0.7347941561989987,1.2227625462581404,-1.1632476573342672,-1.1456045186725725,0.6987023115365045
-0.8150276288577096,1.1846705652803067,-1.0551615910100682,0.6772643443887045,0.6287100495324502
-0.7756954244205138,1.200029519026739,-1.1156295733954276,-1.1636638791678178,0.6480838575959412
-0.7534994019074742,1.2637958782130903,-1.2021658414293948,-1.3371205613927706,0.6990760519833008
-0.7638154413620554,1.2796383117092995,-1.233837907599964,-1.0,0.7389704884094509
-0.789025761599036,1.1916176460329642,-1.1587332368252867,-1.0,0.649439145487725
-0.6948747317264025,1.1828418994086312,-1.1069888352317434,-1.1684282385145957,0.6224611617273982
-0.8293876676379303,1.1709386309570171,-1.1124926770235386,0.7508863976669453,0.6369475220212841
-0.765917180099368,1.2494868091957327,-1.1327184982725347,-1.386988167889761,0.6522157891645204
-0.7368151178777879,1.2501240132497489,-1.1588621997683282,-1.0,0.7197338297635307
-0.7151741209752054,1.2153923130070559,-1.1334556862790754,-1.0,0.6234177462935543
-0.7459774726715244,1.2185447259477353,-1.1158840974612994,-1.0,0.6715069895782615
-0.7210809199837841,1.2091186061770312,-1.126503122454189,-1.060496318879543,0.651030497230449
-0.6982692336760051,1.2263810886218753,-1.1578849183527335,-1.1561474574300756,0.672988148518142
-0.7169444007036152,1.2171611548914905,-1.1028312008124366,-1.0,0.6519074307358924
-0.7462486731538853,1.2267748273014107,-1.121793514662508,-1.0,0.6667077999161993
-0.7739042485915535,1.226678179805526,-1.1358793190564396,-1.0,0.6792893496373609
-0.9381988712290831,1.1923594995044375,-1.1389759936434016,0.7930174712739904,0.8141630095696859
-0.9708372954008367,1.1890047114283202,-1.096478059393576,0.8607683580899171,0.8049428158548588
-0.8791252617653695,1.1667260752986939,-1.0961828333463732,0.7431029448323766,0.731950265202334
-0.8756321936651277,1.1836786922105509,-1.110226679749423,0.737654528951097,0.7839548210557994
-0.8234116509132771,1.2425921599402105,-1.1963362948360192,-1.0,0.7443441007267904
-0.8744091148252361,1.1807816645432274,-1.1455423649352832,0.7536085908264266,0.7098648839935979
-0.7653754046225667,1.1749974609320744,-1.09643284144969,0.6877131631737292,0.7324244777739968
-0.7268812055614952,1.1821991133564063,-1.1115714935229966,-1.0,0.656323613897678
-0.7620631805768342,1.1368788577347775,-1.1053904194148456,0.7000525057108485,0.6670542520289151
-0.6539780683565485,1.2067767788200259,-1.121726114401437,-1.0,0.6560854954498252
-0.8498124839223524,1.1931820142615257,-1.2008408207417762,0.7206758271618701,0.7596667226456549
-0.8223991188824034,1.2105669770169145,-1.1945809754601378,0.6539365203333409,0.7271438241177258
-0.8107183141527782,1.1505218217413675,-1.0361192196267115,0.7185474888761803,0.6267428856600636
-0.9096877190563721,1.1984393074977109,-1.1413829693723263,0.7664111698326466,0.7393719841119178
-0.8130106758363974,1.1952935158110303,-1.1035552523064434,-1.0,0.7025267328634517
-0.878357164688103,1.1964930715975053,-1.132773348523511,0.7542125669245936,0.7826003471146054
-0.8247982678403787,1.199063858112476,-1.1741028207279212,0.7082553172627966,0.7673029695141091
-0.8345290561587765,1.213952425701538,-1.254667744167033,-1.0,0.7276113416027951
-0.8741741934784387,1.196785818745704,-1.2110471594786092,0.7130215763178849,0.6913417357472548
-0.7718312273860365,1.1800318198783553,-1.1399351561321214,0.6915784982576552,0.7095978378075797
-0.7734714535031781,1.2734444554877418,-1.2069460765875126,-1.0,0.7691084890083661
-0.8467754252031205,1.2243830459171565,-1.156190257816306,0.6783348252934396,0.7432425634814309
-0.8266614504779216,1.2295228246631507,-1.1483465648215168,0.6745593830864745,0.7018860252574335
-0.6909942098540418,1.2775160066587008,-1.1912728540267503,-1.3868877412315417,0.7094409978936265
-0.7971105662240812,1.2582879859529392,-1.1843257964660143,-1.1081174457065568,0.7018209857212203
-0.8121119477137365,1.2500955512261678,-1.1374519001755126,0.6946657911794999,0.7739080470766732
-0.8835785886865161,1.2323167942641942,-1.1588386989173785,0.7729480480002431,0.734644776481415
-0.7548005956985283,1.2288045614468837,-1.081392154095018,0.6547013467335298,0.6842020659849094
-0.7395880591698264,1.2513931489450176,-1.1434782533100674,-1.0,0.739660518241791
-0.7954610968406541,1.2641269000483777,-1.163619196060351,0.6594698835014141,0.7574341081143665
-0.7217080635746321,1.2664855774333654,-1.1959643499082067,-1.0,0.7595111504917433
-0.7120653168570084,1.2264933350306477,-1.0724460248562133,-1.0,0.7020758250662649
-0.7513298405319238,1.2604239474217407,-1.179277334992967,0.6543348213260913,0.7245737363091184
-0.7869840343937852,1.3147485003198431,-1.267976871930386,0.6876930243502368,0.7731357183318577
-0.7584035295691115,1.2472128200714425,-1.1291886740430208,0.6589679193052778,0.7032206927810503
-0.7484441911113598,1.1699488679868193,-0.9838021315413541,0.6936970521786483,0.6011465567318977
-0.7436856100008815,1.2292756874600579,-1.0670817038660974,0.6457768812936105,0.6784249252628117
-0.8055352266200069,1.1958602395071474,-1.0535951229221383,0.7527314486020411,0.6812127565587809
-0.7763561665836081,1.187588538175706,-1.111095332550968,0.69868423746002,0.6891709292224665
-0.7858774304930386,1.210485203673799,-1.0457460317823075,0.7280466138509155,0.6124545332013838
-0.7739024576565858,1.2482818354489458,-1.2040603838793913,-1.157232648063521,0.7229485632665233
-0.6881115037598812,1.219771460088741,-1.107519523374584,-1.0,0.6974914003622256
-0.8246581673883072,1.2796002234057569,-1.2339396429204126,0.6646542944503636,0.7414372869072725
-0.8685561365355385,1.3156931378875034,-1.2134984187113595,0.6997488266668028,0.8045044727697358
-0.9108171100719215,1.3259337935717215,-1.2441028302000459,0.6728231549029824,0.8328179416016828
-0.7937115430669783,1.3246421034957898,-1.2425891590876164,-1.0,0.7702860225320322
-0.8455315120151272,1.3315262381176565,-1.3118598153799859,-1.0,0.8845635827206244
-0.8714448169979183,1.3108533469267702,-1.3364178113397125,0.6492305419565254,0.8897886814978191
-0.8501328225983389,1.304108286750136,-1.2630716755213027,-1.1807371966771385,0.8006662059669625
-0.7492768170093267,1.2735896109611549,-1.2633885896742203,-1.2877602783817188,0.8188701222420086
-0.6815514598169439,1.2943921352830576,-1.276264529644549,-1.3985313823828533,0.7737908845291867
-0.75424672526315,1.294062805112593,-1.2907246715462166,-1.0,0.8413273817419316
-0.7614664172969846,1.2910107596819624,-1.2759988918540106,-1.0,0.8088592740977119
-0.8466632975953101,1.2886328829403733,-1.2494894445881217,-1.0,0.822643177209417
-0.7669541154203808,1.3203339989785579,-1.2903006278311857,-1.0,0.8433376465815742
-0.7842791838805182,1.2400575869997867,-1.2193055417752448,-1.0,0.7589528868968547
-0.6312809528384326,1.2259091221701761,-1.2389071674418974,-1.0,0.7152827054210151
-0.7292093721581137,1.2478414047165367,-1.2028997408350077,-1.0,0.7841568232012267
-0.6805246025001122,1.2400038573511565,-1.20615012514042,-1.0,0.6966181684916803
-0.7160825400115838,1.2310468534852328,-1.1216175408201505,-1.0,0.6760693097963277
-0.7405379700560835,1.2110621157329189,-1.1854448575903904,-1.0,0.8540837606504469
-0.731366704349356,1.2737546422846506,-1.271155634221732,-1.2211303004785798,0.8099857538285405
-0.764355147985087,1.2482702421767347,-1.2365928397756993,-1.0,0.8507368724001959
-0.7316421857860069,1.2234479854421219,-1.1995257113912952,-1.0,0.8019464822170858
-0.7863664491612657,1.2264728308124258,-1.180960321034372,0.6716635893052931,0.6792152367356331
-0.6521985031137455,1.1533903893452417,-1.1318961169703148,-1.0,0.6294306324154113
-0.7233565326861389,1.195237470712798,-1.1606582389911895,-1.0,0.6912419695694686
-0.7158651274029597,1.2817773404694568,-1.2771385093927825,-1.1285911206628494,0.7705054941118656
-0.7396940405258355,1.175681380215342,-1.1011441414024776,0.7580627090180112,0.6293610496876523
-0.7810591808416288,1.1881085555268414,-1.155328312524812,0.6823104406860604,0.7836796670622382
-0.7592273691448161,1.1536815320805343,-1.13904957469378,0.657877695769972,0.7123175079122189
-0.733978021385592,1.1444477125482566,-1.0946072999681844,0.6167836571042833,0.7400458616762335
-0.7767121421372379,1.0826111726755496,-0.9242707924710986,0.7764953950707567,0.5882944517111679
-0.7742316034200513,1.0948764027105604,-1.0144841844755341,0.6928822743553862,0.7032501415467277
-0.7563899520344565,1.1588744471387222,-1.12533512099867,0.7022276710957732,0.7227218954709163
-0.8108391314103744,1.104190712508441,-0.9805591816784393,0.8220410581846502,0.652258846139513
-0.7461841747089961,1.2061588928083615,-0.9767956161005856,0.7877955989659863,0.6339013703058962
-0.6578438098924421,1.2132582643802834,-1.0298464821181377,0.6771053731690297,0.6301021717688302
-0.6114038487129952,1.2722837182409754,-1.2029049794559599,-1.2201785036101669,0.7234074920818006
-0.6432153403491326,1.2421799289673412,-1.1666463260446664,-1.0,0.705767696607246
-0.6521709029252654,1.2460398674509603,-1.160443765303955,-1.0,0.736199773343566
-0.6307362657758078,1.2149505709525812,-1.1158159990285381,-1.0,0.7024644844852173
-0.6968090694205284,1.2233051623100182,-1.109860498852746,-1.0,0.6403551265211711
-0.61827700200656,1.2603439855695286,-1.1624104242555209,-1.3646450821673581,0.6778749050329574
-0.6503898313555353,1.196145757476755,-1.0331248491330283,-1.0459633740218452,0.6017794415053633
-0.6121422960488166,1.2885739379381054,-1.2600971454835612,-1.0,0.8884341644846849
-0.656770639567746,1.2798105490131766,-1.270237919053739,-1.253267709876448,0.899944895825926
-0.6996560301797764,1.2632441998892172,-1.2434060178720425,-1.1998851399853803,0.875840025485501
-0.7645459778027734,1.2670264336018187,-1.2487680446713956,-1.0,0.8298301806259128
-0.7016258611610461,1.241066362954141,-1.2389284756763321,-1.2327553264973505,0.8206328119299864
-0.7654992100437447,1.2158876339843947,-1.2055388011598682,0.6326095255030997,0.7863233016316494
-0.7184713897654715,1.2487543050637007,-1.2188444005807988,-1.2975315947637462,0.814203095625122
-0.711511758852031,1.2679972861598932,-1.2427429109861394,-1.1901410644567705,0.8427011833227493
-0.6807936658852505,1.2091343339639005,-1.161305806375641,-1.0,0.7392323902990698
-0.7047081040374344,1.1802434209716823,-1.10722340897642,-1.0,0.6638521962772626
-0.6862385438650843,1.2240812281521811,-1.0587331701853846,-1.0,0.5873735544473209
-0.663899898075678,1.2263223483578032,-1.1551380894882515,-1.0,0.686648042731321
-0.7718080337627335,1.2567703130944898,-1.3205581974544995,-1.0,0.9134571487650596
-0.6264002452261146,1.2672968858510902,-1.3013667265100965,-1.0,0.8443250944285589
-0.5712794836045717,1.2892185032017887,-1.2768502107640782,-1.0,0.9002217290342517
-0.7604485440974559,1.2032877107451496,-1.1942645646585293,0.6568097329177337,0.8012052281302786
-0.674286672693057,1.272565125705562,-1.2611355960598698,-1.0,0.8468721604050257
-0.6832055014707983,1.205738647353338,-1.103949073523423,0.6844626912518331,0.62019670340155
-0.6484956305363034,1.2926807770661537,-1.2239976098735887,-1.0,0.7924888677850145
-0.576026453775417,1.2488273905950082,-1.1806544876345824,-1.0,0.815022890529127
-0.7108731407128561,1.2538985433434506,-1.2171052612185704,-1.0,0.7621497466218411
-0.6940730902914448,1.2143730588053803,-1.1719747901782085,-1.0,0.7767967314793067
-0.5524521055105786,1.3353266745731116,-1.2998876441403944,-1.0,0.835229632589838
-0.599984187418847,1.222295768478508,-1.1570954832006246,-1.0,0.6524040874522293
-0.6795811437404051,1.2108661402436374,-1.123760567141154,-1.0,0.6595835843655748
-0.679702784464366,1.3233267642513746,-1.320516815705233,-1.0,0.872796483587898
-0.6962914746961689,1.3014898349904203,-1.2792388346751928,-1.428231198488726,0.8462892115462511
-0.648611348669563,1.2757352592211948,-1.2186441352462727,-1.2812061183614918,0.8113297234788199
-0.69698366745372,1.2740158339424816,-1.1984622387043136,-1.0,0.7900160130250147
-0.5931001545482808,1.2900402975029555,-1.2849239947766204,-1.5461927707906933,0.865364035811302
-0.6350145387898781,1.277157316120863,-1.252862208712485,-1.0,0.8485960851884198
-0.6454632359681746,1.3012799061133467,-1.2781747627868463,-1.0,0.826659974037455
-0.7165919646684835,1.2839507546575215,-1.212445140615564,-1.0,0.7828055017000136
-0.9504132849327348,1.0478984712703214,-0.8003302905718181,0.9956057126358548,0.6191592782945244
-0.7566852465834888,1.1956407854027131,-1.1525377004581954,0.7656641889380162,0.7271058586995711
-0.8838699715498798,1.1669193905780877,-1.0822597141946726,0.8973385054443099,0.657462226817985
-0.8826022232838664,1.1192824279880447,-0.938316987349345,0.9361068773301124,0.6599589488151681
-0.807483637898526,1.1872722518093257,-1.0793951268109017,0.7691820840905,0.7283993565000094
-0.7632781749351537,1.1370979014244735,-1.070756768096241,0.7302113462816868,0.7197856260510082
-0.8077006455579242,1.1166426125132056,-0.8727522497136867,0.8559141374584087,0.5813536841492178
-0.7200583150921929,1.1057394354351717,-0.8048843329681015,0.7840284126017388,0.5273362969497438
-0.7344711284750045,1.1591189541533422,-0.8678219805353405,0.7444369250006253,0.5320644233805866
-0.771571870572526,1.1202121604609514,-0.787130147440521,0.8047267585650097,0.5150186117550042
-0.7764326983342632,1.097927311254545,-0.7669277915459563,0.8011071033853834,0.5194411860094026
-0.8122264338379405,1.1094079218415112,-0.9623400270635054,0.8379079492283136,0.673918434313213
-0.8443024429122029,1.2032828936995315,-1.0939910317151131,0.713390702009691,0.6868441839007853
-0.9171746477168493,1.1816912982890935,-1.0774426882347103,0.8566520413413218,0.734917500126176
-0.9114081481102758,1.1500687818019146,-1.0541833004162582,0.8714479197269172,0.705807187253349
-0.9170104043233342,1.13952222153829,-1.0609161046576743,0.8844578544860451,0.7192854690506206
-0.9884099523468267,1.1520398520812023,-0.9742793739912654,0.9898398293360556,0.6436567520821715
-0.6915247623232665,1.2538735948639954,-1.1568004104775036,-1.0,0.7604597161211493
-0.7688753549712174,1.2260261072600624,-1.1738475334299292,-1.0,0.6702269334040046
-0.7050923150558406,1.2686693727469363,-1.1977642416520127,-1.3813907192631996,0.6581127377792342
-0.689270367434674,1.3091169480357239,-1.3575375068159,-1.6014510309827168,0.7885578776370189
-0.8104501097793334,1.2685570710995773,-1.2543348983633205,-1.0,0.7747367889816861
-0.8075205709206664,1.2414775932092035,-1.2442607702727955,-1.0,0.8037887506942217
-0.7636506394395002,1.2687676495132438,-1.273262859264072,-1.0,0.7871473786688326
-0.7082588786412674,1.2586163061527726,-1.2267185397887639,-1.0,0.7140980658913616
-0.6479150335191644,1.2645128962829317,-1.2156446050459417,-1.4510207917479823,0.6672378584712773
-0.7245362277378377,1.2526307907706336,-1.2008902469369356,-1.0,0.7695854431920232
-0.672308293748681,1.233915893210894,-1.1785856549818179,-1.0,0.7810169362697252
-0.7353623944669035,1.257364336994406,-1.2435778549247432,-1.0,0.8669104215940998
-0.6428085619937539,1.266469162660946,-1.212066770395001,-1.0,0.7292341361638054
-0.6485530574733432,1.252039863462945,-1.2284911471708733,-1.0,0.7630746826109747
-0.7452348197439039,1.2609103421576437,-1.221074566265338,-1.0,0.75241422694349
-0.6883478327625173,1.255360302399888,-1.2831272521559831,-1.0,0.7716907875815944
-0.6812613504653872,1.280076879105386,-1.2373803842828344,-1.0,0.7441679445049219
-0.6745282626732705,1.2438222663136183,-1.1690465962785013,-1.0,0.6478066889886737
-0.7051135273561464,1.2650550902350595,-1.2229790113874643,-1.0,0.7212510642244913
-0.7483397299944741,1.2636260564764767,-1.1979948005250285,0.6805204322965109,0.6813942936887623
-0.8175403306702888,1.2437543794205108,-1.2481675535247927,0.7161957791921396,0.7740732039984247
-0.7807896719072209,1.1952767145569267,-1.2060736102091063,-1.0078463422515749,0.7835682135968793
-0.7546606390815781,1.2966121090532086,-1.2971252238653501,-1.0,0.8467931448291321
-0.7426243961699149,1.2152942240952014,-1.2067137926566904,-1.0,0.7419381507147581
-0.8692711019906673,1.1499962440739384,-1.0842788756987178,0.8157426239525734,0.6608273206057436
-0.8030522127114803,1.1594580306305646,-1.0706041195049107,0.7601235070217388,0.6171365189903494
-0.8339125094223506,1.1740316148920318,-1.0749810674115259,0.8000598994325271,0.7111545619516183
-0.8686704118264024,1.1442712141272733,-1.0044574411497544,0.8656527548177682,0.6638349142871847
-0.7639770608281053,1.2616085280270493,-1.242315347797472,0.6754208297254826,0.7730667163809601
-0.7820964606739413,1.262861344592901,-1.2164691388048066,-1.0,0.850413000792322
-0.7669315668525448,1.274562356840988,-1.194387789783769,0.6657795692151547,0.7833100670664517
-0.849261174877754,1.2358068924205896,-1.1622849912967967,0.7732925368842584,0.7709825046128874
-0.8698193811689038,1.3010422536503068,-1.2568394989084133,0.6962764670084971,0.7962212842572429
-0.7326702415479341,1.2877969329893875,-1.2144499638066222,-1.0,0.8309838281907959
-0.7641954464689398,1.2695068039025557,-1.3232738083326603,-1.0,0.939639405496582
-0.8227247754003297,1.205039504480421,-1.2011043670053065,0.712656702846768,0.7360096359686649
-0.64746862066545,1.2009479399239422,-1.1723497812171246,-1.0,0.7353983754882724
-0.7121614209525181,1.260342983837013,-1.2419212758593692,-1.0,0.8034361396664323
-0.8556282088957567,1.1960205417573722,-1.1209324024869425,0.8089893540266498,0.7829747056764169
-0.86174858335456,1.1995320127766667,-1.236948255393592,0.7800563781374017,0.8673431213899904
-0.7178758505982225,1.2191907297703755,-1.2417916998566862,-1.0,0.8068276629701255
-0.7205947897995447,1.1777005584409663,-1.1366403030517749,0.694548567640237,0.6889205414464564
-0.7285019551408574,1.225537336519433,-1.1580978618011875,0.6803837187037133,0.7716245197018031
-0.7747556336827839,1.2100391923853364,-1.1781214598040792,-1.0,0.8058954365430285
-0.7374152224281978,1.2198648490312642,-1.152088379884453,-1.0,0.7372516452357262
-0.6628627542077403,1.1886881616784724,-1.125689912602697,-1.0,0.7603453362421964
-0.6404596730168994,1.2751258142607578,-1.2209607261227104,-1.0,0.8980037326104517
-0.7320789214536279,1.24622350758139,-1.1833254372007833,-1.0,0.7446272920491972
-0.7882680562361803,1.171779762907861,-1.1029193398023889,0.7655093839904199,0.712640389903094
-0.7858567303728855,1.2379434987113922,-1.1422318113905867,0.7461197969643184,0.7102712194498167
-0.7553986071042585,1.2210997045255236,-1.0979217712255733,-1.0,0.649103081247846
-0.7380478640279096,1.2012166121513908,-1.1585050060973514,-1.0,0.7028199735752381
-0.8420499238567507,1.2112745408009455,-1.1583627366184215,0.7648179443629985,0.7421256016178727
-0.8323556618411813,1.2357132207989716,-1.1852201503471433,0.7565414076732772,0.778260618322009
-0.8375852223329229,1.1928337600351466,-1.1344700842613407,0.7720390705455887,0.7578263290313241
-0.8248914997860414,1.2185068406934831,-1.1576945603203146,0.7580926563986428,0.731676597722742
-0.8181972402352339,1.2346848687750729,-1.2181895671349428,0.7190876723735349,0.8327039932177696
-0.7043536346622195,1.2244203744542006,-1.255196762763053,-1.0,0.8951076304104024
-0.8483004282939537,1.2069251662799203,-1.179156269787723,0.7965723154302536,0.7421926478990092
-0.8229879118680379,1.2516708404029298,-1.18716641277402,0.7514801048714431,0.7545350206749731
-0.8584333764251567,1.1792230509123491,-1.1060355947030742,0.8253411706231047,0.7485361494957026
-0.755919839833404,1.2588022304256008,-1.1956924278883319,0.705709397392685,0.6970424396968554
-0.7715591784425246,1.240339102836356,-1.2094163839662873,-1.0,0.7567821652568215
-0.7959857357935899,1.2656176043091751,-1.2285372386199842,0.6868771658548785,0.7678664020004606
-0.7360366045479979,1.259053905224463,-1.1812385777998349,-1.0,0.748595336999941
-0.77068375912021,1.1955520968851077,-1.1455408464935135,0.71878844786231,0.8432148058175002
-0.7609587107640386,1.214013368667294,-1.1332497060717766,0.7130648346730253,0.7118263159746908
-0.7685494436486762,1.303018952982725,-1.2471610019760806,-1.0,0.8418779097395218
-0.7357346107454212,1.2218737248002987,-1.1141337802577802,0.6788531778430476,0.6423672484814542
-0.732134958273182,1.2059469910647436,-1.1386827356886533,0.7112180341113683,0.6885583529424815
-0.8229199875689913,1.2269454060278668,-1.188627983392574,0.754739542659496,0.7781361107782926
-0.741320085890471,1.262962065540618,-1.141918731890402,0.7258037078148707,0.6519608752243375
-0.6659107608093252,1.2370593828821135,-1.147394468735933,-1.2267069580852399,0.6190571969497489
-0.8170106338476738,1.2468279215808333,-1.1273699504953254,0.723981679184486,0.7563360016197509
-0.8050507252058929,1.2012437740527893,-1.061515496311864,0.7528064667478231,0.7316885168168967
-0.7825611770175933,1.225295468235518,-1.1491483960701874,0.7356095692593414,0.7538716767274295
-0.8434846423857388,1.2242170846148364,-1.1522846601599912,0.8083149482656087,0.7466785902088507
-0.8408607585994653,1.234321769782782,-1.1329088029588825,0.7880436426347665,0.715124056956268
-0.6234763276967291,1.2128528028883214,-1.1607213015411273,-1.0,0.6402818911647894
-0.7597949243833573,1.2582227103779222,-1.1659779098670502,0.7256080654034259,0.7162777881892172
-0.8742330348060047,1.2059463371059949,-1.1141162970738534,0.839740081930345,0.7225526283385153
-0.8039540240318077,1.2272380300312833,-1.2411348654760255,0.6854746304347137,0.8188355700623166
-0.7835835535379095,1.2478716016382623,-1.2572876618688607,-1.0,0.8532375395912429
-0.8914467277169313,1.2135306586213075,-1.1945582315682446,0.8136027316006551,0.7323830188627676
-0.8051362785657791,1.1831364441541834,-1.1300631369082021,0.7630853106799192,0.6708021539991925
-0.7356803942246943,1.2335999441584364,-1.150772071619349,0.7072329961909586,0.6853463986018636
-0.7606449076016842,1.1422888605333903,-1.0296974151057094,0.6846851525454447,0.6436858105487768
-0.820041105650672,1.3243841787242305,-1.2782320664405071,-1.0,0.9011774911701721
-0.8001241783787567,1.2427589387259028,-1.226333427837873,0.740739441191464,0.7920594222747537
-0.6861976733525896,1.2383335963207658,-1.1312884078764798,-1.0,0.6725960367754638
-0.6742014205714612,1.2274554089328582,-1.1747397518922102,-1.0,0.6653095976915582
-0.6718584571808818,1.203723180087845,-1.0957919558569151,-1.0,0.615565306998498
-0.6554265072084586,1.221377490739737,-1.116216958516499,-1.0,0.6523850760927643
-0.7398220196094163,1.2487436390716382,-1.2262504282981677,-1.0,0.7079442804150404
-0.7978121462041885,1.1365575598562234,-0.9518394276040775,0.8835484997436464,0.5948113196211973
-0.8166397514158305,1.1570272390138672,-1.0741751743069432,0.7962571067441341,0.7053859872012856
-0.8957383357175729,1.2060470513688486,-1.148969165457063,0.796865438366847,0.6597651416019014
-0.8209004791055269,1.1911522716561997,-1.0379648342304713,0.8305747099549995,0.6558465798736615
-0.7726838033312051,1.1848904037474792,-1.0652154943168937,0.7543907015422168,0.5944371105999723
-0.7791077738430924,1.2480124164308721,-1.1606268185562323,0.7364668465679316,0.7198964303321516
-0.8099871144788646,1.2344887919562566,-1.1860461058514276,0.7364539201673737,0.7927770732238022
-0.7936090751915058,1.2353624004702888,-1.1491964162199844,-1.0,0.7250968346065484
-0.7835631400255673,1.2061084915335147,-1.1118379942264314,0.7255561540932596,0.6770749326877978
-0.7527836532077787,1.2257734749773683,-1.1297175985232566,0.712085004902818,0.6662691726159833
-0.7741470345482279,1.267908201219832,-1.245133927412209,0.6810706740276536,0.7911470209331635
-0.7594094197476909,1.215182299815474,-1.129505636690825,0.6398479857849444,0.6727042563507629
-0.705912446059883,1.2695742823299383,-1.2192262616415266,-1.0,0.7372123192257527
-0.6777280258616037,1.2255181117331595,-1.196168668652825,-1.0,0.7403639921509265
-0.7046103501763991,1.2877612244121095,-1.2998663796564909,-1.0,0.840889701389927
-0.6938098181377096,1.2309443934365225,-1.172668481698256,-1.0,0.7196634513897125
-0.6681900953660775,1.231812202323239,-1.1573319728961684,-1.0,0.6719005828370527
-0.6864525242606382,1.2392200362928685,-1.2427626091881425,-1.0,0.7940221545611067
-0.7129581357297781,1.265820080962112,-1.208856726547894,-1.0,0.6912332463688425
-0.6803192814562482,1.2195716771034117,-1.148390666626703,-1.0,0.6878386974064532
-0.6485394953398398,1.2697990087017184,-1.2690357010051752,-1.0,0.7756783323964639
-0.6833614621405877,1.254455179888423,-1.2275536080135423,-1.0,0.7483532956097761
-0.7702928934526981,1.2403005773666136,-1.1392143019711363,0.7308297457930725,0.6864954036228872
-0.8343420340918511,1.1654513679415217,-0.9881999328556358,0.835552340719009,0.6083823111789628
-0.897476772534974,1.1916936770988422,-0.9782147895887382,0.9417287909690975,0.6282923523227413
-0.7314361929001534,1.2009562090326409,-1.1401306681258687,0.7288084881309592,0.7629829114199265
-0.7755508576627882,1.2634556975346223,-1.216307396169703,-1.0,0.6950098697530046
-0.7694518538144681,1.2159667288613953,-1.18106879408299,0.7199508018244223,0.7099519140826908
-0.7909510362532337,1.241951222551374,-1.2165188973483816,0.6703454993616887,0.7633896459929111
-0.7677841086464027,1.22564507557827,-1.173343361885765,0.7106954062753985,0.7117615516805925
-0.8173425250656049,1.2265348214184866,-1.1923786590322223,0.6866996219026179,0.7475025853085684
-0.6952691194853705,1.1927089831697155,-1.1467243361846466,0.6820097638180497,0.711458755875134
-0.7836374066771774,1.1937607171455302,-1.1078995677660557,0.8119767514563533,0.6131966190348674
-0.7543786308684429,1.2008447188784752,-1.0884662264544143,0.7281925138747845,0.6064216317169822
-0.8074841322058639,1.2286588628713622,-1.133673296635792,0.746422875567133,0.6894682465196916
-0.8219359627952652,1.2244033317123502,-1.1460865395787228,0.7252211327108323,0.722695191841714
-0.8161796090414833,1.2513592243396376,-1.1483635584812397,0.758724273869675,0.6673827531895986
-0.8652220592943843,1.1814619064430811,-1.0887028537550723,0.7998396740370014,0.7733232596419858
-0.8621306116192433,1.215524915533609,-1.1247977267704945,0.7696005019335125,0.7684054222745911
-0.8759514512822096,1.2097210337601614,-1.17734720757696,0.7614234933878621,0.7896984943031642
-0.6692323118227868,1.2553377445722702,-1.221833564969041,-1.0,0.7958893730747888
-0.6235386995692166,1.2857007539453642,-1.2415008532140188,-1.0,0.8480973471787522
-0.752070824637855,1.243881202371789,-1.2189162338964863,-1.0,0.8944849813810647
-0.6974323764584991,1.2194061616316683,-1.1668923461858012,-1.0,0.8246675336835793
-0.9127141452231289,1.2142812470685842,-1.2232156459730033,0.7524651396653557,0.925501381940099
-0.7155013103928527,1.2235358417300954,-1.218101339416786,-1.0,0.8169162434951248
-0.690941448734118,1.2549612049978318,-1.290594771874727,-1.0,0.9296654009578904
-0.7204090257331779,1.189190658865926,-1.2214037506026436,-1.0,0.8516575383968426
-0.6734974397585495,1.2510808207517157,-1.2371469978662015,-1.274542063051972,0.7546590735600246
-0.7381136261487383,1.3165418293166555,-1.2661914970352768,-1.4825827279695816,0.7271000368775923
-0.6879142930847028,1.2487236240100836,-1.2342214490610393,-1.3981738349744468,0.7654731948161897
-0.7330140532559721,1.275332961491483,-1.25948517430205,-1.0,0.7728631976400328
-0.6763135415976579,1.2729120477726306,-1.229729684318118,-1.0,0.6926375821195349
