Indicator,Subtype,Coefficient,P-value
Duration of walks,1,0.018896427527308746,0.13484229911637058
Duration of walks,2,0.001770365152745638,0.8958780501980925
Duration of walks,3,-0.0021132665563699565,0.888045943329304
Duration of walks,4,-0.013354252560349876,0.3384381450834695
Duration of walks,5,-0.019298382658878944,0.3259631075959978
Usual walking pace,1,0.2962900286931761,2.2088650458300496e-124
Usual walking pace,2,0.11854275472408328,1.0365007835751782e-18
Usual walking pace,3,0.06084689068809139,4.448999493269257e-05
Usual walking pace,4,-0.3064695779154074,2.524491445455134e-109
Usual walking pace,5,-0.46252771224792777,2.0784694624193442e-125
IPAQ activity group,1,0.147594034718625,1.5680805203611355e-31
IPAQ activity group,2,0.08716188560295095,1.193398075960433e-10
IPAQ activity group,3,-0.010865964086148984,0.4695201904240903
IPAQ activity group,4,-0.17790022622356297,2.7906381045566574e-37
IPAQ activity group,5,-0.16911675300233336,7.560641707630454e-18
Summed minutes activity,1,0.10146241146318426,9.648726438501309e-16
Summed minutes activity,2,0.057179925515019166,2.371581627677553e-05
Summed minutes activity,3,0.0034544007717793863,0.818034700341646
Summed minutes activity,4,-0.11909304594436,1.3405147715813578e-17
Summed minutes activity,5,-0.1355459230708346,5.182015443965756e-12
MET minutes per week for walking,1,0.05429574475169262,1.762459796281908e-05
MET minutes per week for walking,2,0.015342388729483859,0.25716509247275604
MET minutes per week for walking,3,0.004742462842102828,0.7522813263310971
MET minutes per week for walking,4,-0.05248021656427373,0.00017072273845410868
MET minutes per week for walking,5,-0.0676245346851214,0.0005834649808928221
MET minutes per week for moderate activity,1,0.08072799949169358,1.4642610175665958e-10
MET minutes per week for moderate activity,2,0.05092267613941925,0.00015937979861765307
MET minutes per week for moderate activity,3,-0.008494477765717564,0.5703386990715889
MET minutes per week for moderate activity,4,-0.09392315892559273,1.4276701931811184e-11
MET minutes per week for moderate activity,5,-0.10168808747682237,2.0763125097003721e-07
MET minutes per week for vigorous activity,1,0.10115969249337638,8.541931675896089e-16
MET minutes per week for vigorous activity,2,0.06466022910228691,1.562797528571552e-06
MET minutes per week for vigorous activity,3,-0.006272923311267609,0.6746137026529161
MET minutes per week for vigorous activity,4,-0.12263929111153558,9.78670275131744e-19
MET minutes per week for vigorous activity,5,-0.12689699796741005,8.511695909685853e-11
Summed MET minutes per week for all activity,1,0.10354586135283149,2.40941625236239e-16
Summed MET minutes per week for all activity,2,0.0579898561744758,1.8001285747183862e-05
Summed MET minutes per week for all activity,3,-0.004707245797977648,0.7537898989313502
Summed MET minutes per week for all activity,4,-0.11829891790200439,2.1270887759799995e-17
Summed MET minutes per week for all activity,5,-0.12988444559100823,3.7206273218323925e-11
Sleep duration,1,-0.016210122383316837,0.19876855108911196
Sleep duration,2,0.020549035515009702,0.1280418839540794
Sleep duration,3,-0.002087665610597993,0.8891907918490198
Sleep duration,4,-0.006871117521944261,0.6217024190933149
Sleep duration,5,0.013037044812194197,0.5061787341967585
Getting up in morning,1,0.06451190373585926,1.5998053125269706e-07
Getting up in morning,2,0.018617192256472653,0.1577764046046314
Getting up in morning,3,0.02163314007438262,0.13909085882408834
Getting up in morning,4,-0.05595892816331845,3.8271822328504844e-05
Getting up in morning,5,-0.12125581320629192,2.345457245838255e-10
Chronotype,1,-0.05107747452362285,4.9962219748038146e-05
Chronotype,2,-0.04047226512511786,0.002681408489438086
Chronotype,3,0.0010805359816999096,0.9424248210764623
Chronotype,4,0.05240928241855896,0.00016337391636954177
Chronotype,5,0.10301894710062275,1.422190097776842e-07
Nap during day,1,-0.13474786862637453,1.774316289091245e-27
Nap during day,2,-0.07467027444702641,1.926183831812181e-08
Nap during day,3,-0.000904501112566335,0.9511078988475407
Nap during day,4,0.1469384751415055,7.49474432289157e-27
Nap during day,5,0.19328981699475556,1.2479133588229348e-23
Sleeplessness,1,-0.05762994199763196,3.8539996776218995e-06
Sleeplessness,2,-0.062186998362535176,3.2172202471689557e-06
Sleeplessness,3,0.002853970840721742,0.8473168464240307
Sleeplessness,4,0.08312723041725911,1.5759491044310947e-09
Sleeplessness,5,0.1006968332262436,2.0822555686963632e-07
Snoring,1,0.11074922168470928,3.9805945988789453e-19
Snoring,2,0.08030213990835726,1.4312800118513995e-09
Snoring,3,-0.003952843470540143,0.7884084170571675
Snoring,4,-0.18021046573021385,1.0795628133631473e-39
Snoring,5,-0.07285924242968748,0.00015676106500543514
Daytime dozing,1,-0.06794340295678908,6.486955371455844e-08
Daytime dozing,2,-0.02245405377519995,0.09525193882491433
Daytime dozing,3,-0.04257896134828624,0.004358002555431206
Daytime dozing,4,0.039881371330040424,0.004060291458628128
Daytime dozing,5,0.20540745619319983,7.170334447000994e-26
Cooked vegetable intake,1,0.012554582153330497,0.31994167227343256
Cooked vegetable intake,2,-0.019348855837481506,0.15214738802880845
Cooked vegetable intake,3,0.04797558800175535,0.001374848878852687
Cooked vegetable intake,4,-0.004133163152684515,0.7667635692561299
Cooked vegetable intake,5,-0.06351099633230856,0.0012094391936594438
Raw vegetable intake,1,0.0608860631368865,1.3662514177640807e-06
Raw vegetable intake,2,-0.013961575792160064,0.30091803346618157
Raw vegetable intake,3,0.038848550309951616,0.009485431676337287
Raw vegetable intake,4,-0.05231726883258571,0.00017042481553801109
Raw vegetable intake,5,-0.08048591276335136,4.013977968346241e-05
Fresh fruit intake,1,0.06476942167575742,2.384664086845129e-07
Fresh fruit intake,2,0.06485833444729729,1.3441006587488938e-06
Fresh fruit intake,3,-0.0386590369404644,0.009439868863304604
Fresh fruit intake,4,-0.09604362432386462,3.882912350732315e-12
Fresh fruit intake,5,-0.036638122562172186,0.06016755015723976
Dried fruit intake,1,0.08354108603556956,2.9577632824053423e-11
Dried fruit intake,2,0.07671075123639776,1.1781558060392545e-08
Dried fruit intake,3,-0.06149098283382692,3.80500293969155e-05
Dried fruit intake,4,-0.09407166070742766,1.1836221359749565e-11
Dried fruit intake,5,-0.0718081629350654,0.00023770959961923681
Oily fish intake,1,0.10240694677017033,2.1841415339558858e-16
Oily fish intake,2,-0.031035746558453182,0.020141529532995667
Oily fish intake,3,0.09233763875920876,4.6101793377032755e-10
Oily fish intake,4,-0.07592948329528658,3.513305999008877e-08
Oily fish intake,5,-0.18961296550918924,1.3421691554915983e-22
Non-oily fish intake,1,0.0644215139016359,3.303034687083461e-07
Non-oily fish intake,2,-0.03395898609763409,0.011946456806819838
Non-oily fish intake,3,0.04925742911959025,0.0010166745307590207
Non-oily fish intake,4,-0.033642699626052694,0.015744316630061657
Non-oily fish intake,5,-0.10171728193362656,2.1582617217642974e-07
Processed meat intake,1,-0.07975113467108665,5.6363983391297063e-11
Processed meat intake,2,-0.07774986781133054,2.402414809332735e-09
Processed meat intake,3,0.019081546522462092,0.1869910901632838
Processed meat intake,4,0.12939845465487446,5.648042935019222e-22
Processed meat intake,5,0.06742010063361115,0.0003672048287934829
Poultry intake,1,4.490454540550886e-05,0.9971631648015349
Poultry intake,2,-0.11996749854217865,6.712990833979953e-19
Poultry intake,3,0.10497182323798403,2.5605209075911542e-12
Poultry intake,4,0.08098260134138165,6.241762286013972e-09
Poultry intake,5,-0.0874843857344389,8.335791826237317e-06
Beef intake,1,-0.030993631892104176,0.013826293535089594
Beef intake,2,-0.12278813085673392,7.735985105666815e-20
Beef intake,3,0.08460430351872125,1.5272766257617473e-08
Beef intake,4,0.09796962495432764,1.7686685809889437e-12
Beef intake,5,-0.005322350625380556,0.7856894277080667
Lamb intake,1,-0.03674902703852497,0.0034327724005944883
Lamb intake,2,-0.09424247203993107,2.341057839189975e-12
Lamb intake,3,0.06336246456279994,2.1602991535927353e-05
Lamb intake,4,0.09999178054052593,5.398914656009621e-13
Lamb intake,5,-0.019248487125036292,0.3242364671230574
Pork intake,1,-0.04096615496409258,0.0011172391612480576
Pork intake,2,-0.08755324700237184,7.564602313466882e-11
Pork intake,3,0.08993219950517023,1.693999115484114e-09
Pork intake,4,0.09337589544948993,1.67853865881298e-11
Pork intake,5,-0.0555562386674744,0.00446820551018745
Cheese intake,1,0.07135039458734994,1.57291104256574e-08
Cheese intake,2,0.02906930412019416,0.03145445138941464
Cheese intake,3,-0.03520455835262752,0.018883897348679537
Cheese intake,4,-0.035953789994034986,0.009876434120329932
Cheese intake,5,-0.10214799031665388,1.9296756766235176e-07
Bread intake,1,-0.0037107411728553646,0.7589923235349685
Bread intake,2,0.02813988920417849,0.02973380898712395
Bread intake,3,-0.05942473455245691,3.520670762845962e-05
Bread intake,4,-0.006731085928893201,0.6141575737512865
Bread intake,5,0.06475265112956431,0.0005729588071379691
Cereal intake,1,0.14933837718323387,9.775895347437277e-33
Cereal intake,2,0.13176520069085634,9.383664737998844e-23
Cereal intake,3,-0.09449539351086192,2.2625908635562824e-10
Cereal intake,4,-0.16613451582809963,3.198476315928545e-33
Cereal intake,5,-0.1474984869509075,3.8726397030624497e-14
Salt added to food,1,-0.118156889359688,8.13884989594262e-21
Salt added to food,2,-0.06123526421340657,5.949240581133683e-06
Salt added to food,3,0.0192119347151549,0.20052714446623926
Salt added to food,4,0.09946753915146507,9.742309348788413e-13
Salt added to food,5,0.18454559370187062,5.377167158450042e-21
Tea intake,1,-0.014556696318669012,0.24926608265409564
Tea intake,2,0.04524615284502518,0.0008204455518179123
Tea intake,3,-0.04755396784033428,0.0015304267979324073
Tea intake,4,-0.023584168216204245,0.09084141675670357
Tea intake,5,0.06797484758118869,0.0005381650173066233
Coffee intake,1,-0.020158101130928353,0.11013762726810417
Coffee intake,2,-0.07609710922796574,1.746246286580476e-08
Coffee intake,3,0.030904851503170322,0.03920784832536894
Coffee intake,4,0.08131977289823557,5.2293988119928076e-09
Coffee intake,5,-0.0049902953236001125,0.7991920002211111
Water intake,1,-0.03237820289317894,0.009417079930937013
Water intake,2,-0.02991313589500416,0.025026661609742235
Water intake,3,0.014570871341865738,0.3252774338954081
Water intake,4,0.020171053157371735,0.14284129825353895
Water intake,5,0.07638415313851946,8.131317618660052e-05
Variation in diet,1,-0.09962488427159316,2.773148513238156e-15
Variation in diet,2,-0.086081811924908,1.8128290947303144e-10
Variation in diet,3,0.01856478723091287,0.21540290113384877
Variation in diet,4,0.1480549252834921,1.925670401630301e-26
Variation in diet,5,0.096909831993266,7.7302533874059e-07
Smoking status,1,-0.21536858346996826,4.912738199378946e-66
Smoking status,2,-0.20260818304837486,2.3044808783631265e-51
Smoking status,3,0.022454649466871417,0.13283797122033902
Smoking status,4,0.29902871713543405,1.1863165125677172e-103
Smoking status,5,0.3163404384689386,4.083625513893002e-59
Alcohol drinker status,1,0.11363206631349429,2.170539064291332e-19
Alcohol drinker status,2,-0.04357451578635153,0.0012647925541185159
Alcohol drinker status,3,0.12525387411442376,6.545599258332947e-17
Alcohol drinker status,4,-0.06347537083253563,5.2585975606692225e-06
Alcohol drinker status,5,-0.27137757122954065,1.3655074353810002e-43
Nitrogen dioxide air pollution; 2010,1,-0.09643286755703538,1.8341635525009314e-14
Nitrogen dioxide air pollution; 2010,2,-0.021815441103690842,0.10555538919083438
Nitrogen dioxide air pollution; 2010,3,-0.014984812145120133,0.3164256468504861
Nitrogen dioxide air pollution; 2010,4,0.08236013214194293,3.0921542265233114e-09
Nitrogen dioxide air pollution; 2010,5,0.14139990513350228,4.969935427369576e-13
Nitrogen oxides air pollution; 2010,1,-0.08045535124642368,1.72170541815583e-10
Nitrogen oxides air pollution; 2010,2,-0.030622274518187782,0.02324300675280275
Nitrogen oxides air pollution; 2010,3,-0.015567016145242814,0.2985236704772194
Nitrogen oxides air pollution; 2010,4,0.07518363209057992,6.518234460976658e-08
Nitrogen oxides air pollution; 2010,5,0.13659141676861067,3.114343603388089e-12
Particulate matter air pollution (pm10); 2010,1,-0.024788217073398434,0.04985007729565434
Particulate matter air pollution (pm10); 2010,2,-0.029863781295334818,0.027286704224170982
Particulate matter air pollution (pm10); 2010,3,-0.0277111954250037,0.06492096175098197
Particulate matter air pollution (pm10); 2010,4,0.043633258199844344,0.0017630020467679557
Particulate matter air pollution (pm10); 2010,5,0.08382910020786424,1.982387279650859e-05
Particulate matter air pollution (pm2.5); 2010,1,-0.08252952559693948,5.873486652276109e-11
Particulate matter air pollution (pm2.5); 2010,2,-0.036614958592631135,0.006673415890115401
Particulate matter air pollution (pm2.5); 2010,3,-0.009099650011805644,0.5435191834819229
Particulate matter air pollution (pm2.5); 2010,4,0.0784050693586603,1.76248304643409e-08
Particulate matter air pollution (pm2.5); 2010,5,0.13677747958925265,2.957286180191416e-12
Particulate matter air pollution (pm2.5) absorbance; 2010,1,-0.08721447949527703,4.573742126739884e-12
Particulate matter air pollution (pm2.5) absorbance; 2010,2,-0.019173211270740252,0.15551887053914842
Particulate matter air pollution (pm2.5) absorbance; 2010,3,-0.004347822257258969,0.7716352484163558
Particulate matter air pollution (pm2.5) absorbance; 2010,4,0.06228649995388161,7.648863755317664e-06
Particulate matter air pollution (pm2.5) absorbance; 2010,5,0.13513927160691896,5.369905235620474e-12
Particulate matter air pollution 2.5-10um; 2010,1,-0.005581496205545334,0.6589618490870359
Particulate matter air pollution 2.5-10um; 2010,2,-0.01965823867628976,0.1464477243621661
Particulate matter air pollution 2.5-10um; 2010,3,-0.015935344464273228,0.28877540263216017
Particulate matter air pollution 2.5-10um; 2010,4,0.02576201056591854,0.06497850943797598
Particulate matter air pollution 2.5-10um; 2010,5,0.031156290968549695,0.11302421937135278
Traffic intensity on the nearest major road,1,-0.009388769437966342,0.4579290184617829
Traffic intensity on the nearest major road,2,-0.009636571971841838,0.4766329881253244
Traffic intensity on the nearest major road,3,-0.009854892288643244,0.51188251960705
Traffic intensity on the nearest major road,4,0.030464713966233986,0.02911816233918308
Traffic intensity on the nearest major road,5,-0.0005229196011014933,0.9787848533074772
Inverse distance to the nearest major road,1,-0.017251930025657017,0.1725285895523465
Inverse distance to the nearest major road,2,-0.017249788706744283,0.20258717356657394
Inverse distance to the nearest major road,3,-0.009665810940272069,0.5199526955262139
Inverse distance to the nearest major road,4,0.026077807539729762,0.06176963083937473
Inverse distance to the nearest major road,5,0.042916245065998775,0.029046766420269265
Total traffic load on major roads,1,-0.01489419593455573,0.23888186228760536
Total traffic load on major roads,2,-0.01511231751924086,0.26424672314251535
Total traffic load on major roads,3,-0.0018934721405152563,0.8996912565352497
Total traffic load on major roads,4,0.025114786462581206,0.07200192603355789
Total traffic load on major roads,5,0.021306042347278856,0.27847749744188127
Sum of road length of major roads within 100m,1,-0.004734479331521959,0.7081284424832024
Sum of road length of major roads within 100m,2,-0.023762797128137992,0.0791872014415109
Sum of road length of major roads within 100m,3,-0.006468758029004807,0.6667441305600852
Sum of road length of major roads within 100m,4,0.023783504300565552,0.08844185179689731
Sum of road length of major roads within 100m,5,0.025475389960235965,0.19505044552544695
Nitrogen dioxide air pollution; 2005,1,-0.0828778584730966,4.5387519574417424e-11
Nitrogen dioxide air pollution; 2005,2,-0.005781966033235441,0.6678886257721375
Nitrogen dioxide air pollution; 2005,3,-0.0225077683807866,0.1322941297945606
Nitrogen dioxide air pollution; 2005,4,0.07511864237192775,6.430472231759203e-08
Nitrogen dioxide air pollution; 2005,5,0.10206875122530852,1.8267313238735443e-07
Nitrogen dioxide air pollution; 2006,1,-0.0846515038085592,1.7727922406457892e-11
Nitrogen dioxide air pollution; 2006,2,-0.008745190807927425,0.5165533066912732
Nitrogen dioxide air pollution; 2006,3,-0.02026090052257967,0.1756385450941795
Nitrogen dioxide air pollution; 2006,4,0.07805065481080614,1.9630695584711563e-08
Nitrogen dioxide air pollution; 2006,5,0.10294186948062484,1.451228118651425e-07
Nitrogen dioxide air pollution; 2007,1,-0.07635480018191093,1.3161154006338846e-09
Nitrogen dioxide air pollution; 2007,2,-0.0023577883684223503,0.8611414607849809
Nitrogen dioxide air pollution; 2007,3,-0.024571109957938504,0.10043381933119698
Nitrogen dioxide air pollution; 2007,4,0.06893712452565415,7.039379483577629e-07
Nitrogen dioxide air pollution; 2007,5,0.09487519007278294,1.2511038933830876e-06
Particulate matter air pollution (pm10); 2007,1,-0.06844422379668207,5.4607677796384633e-08
Particulate matter air pollution (pm10); 2007,2,0.00556505907842725,0.6797658884505344
Particulate matter air pollution (pm10); 2007,3,-0.033120524004225806,0.026832854643749366
Particulate matter air pollution (pm10); 2007,4,0.06118996223897786,1.0737110791949051e-05
Particulate matter air pollution (pm10); 2007,5,0.08905449953601097,5.391076879123099e-06
Average daytime sound level of noise pollution,1,-0.019050180923093827,0.13197124785441977
Average daytime sound level of noise pollution,2,-0.030562554799236127,0.023960869049522406
Average daytime sound level of noise pollution,3,0.007356219465458477,0.6243500564524586
Average daytime sound level of noise pollution,4,0.02590079949097736,0.06354844205984564
Average daytime sound level of noise pollution,5,0.04653649817637919,0.017928465576346975
Average evening sound level of noise pollution,1,-0.019044744032261012,0.1320814943384383
Average evening sound level of noise pollution,2,-0.030553476066704017,0.02400270582088372
Average evening sound level of noise pollution,3,0.0073453171516679435,0.6248637027906561
Average evening sound level of noise pollution,4,0.02590121485408556,0.0635441307129652
Average evening sound level of noise pollution,5,0.04652205940138957,0.01796405014168865
Average night-time sound level of noise pollution,1,-0.019052134722817502,0.1319316264245244
Average night-time sound level of noise pollution,2,-0.030560063359238537,0.02397235822843134
Average night-time sound level of noise pollution,3,0.00735695986528105,0.6243151864749411
Average night-time sound level of noise pollution,4,0.025899151595921075,0.06356530015698177
Average night-time sound level of noise pollution,5,0.04653796508312269,0.017924854937307392
Average 16-hour sound level of noise pollution,1,-0.019040182053088515,0.13217420426612844
Average 16-hour sound level of noise pollution,2,-0.030559436254079853,0.023975235495763074
Average 16-hour sound level of noise pollution,3,0.007306687801378129,0.6266854972325405
Average 16-hour sound level of noise pollution,4,0.025925082314436135,0.06330057233506987
Average 16-hour sound level of noise pollution,5,0.04654243785110317,0.01791382600573571
Average 24-hour sound level of noise pollution,1,-0.019023685739305476,0.13250957971706953
Average 24-hour sound level of noise pollution,2,-0.030568289847540262,0.023934429156451387
Average 24-hour sound level of noise pollution,3,0.0073004901443721355,0.6269779546628809
Average 24-hour sound level of noise pollution,4,0.02591928157046574,0.06335968263080748
Average 24-hour sound level of noise pollution,5,0.046543364394611396,0.017911533803166943
"Greenspace percentage, buffer 1000m",1,0.07685253628161766,1.075371251605479e-09
"Greenspace percentage, buffer 1000m",2,-0.005181585878620001,0.7010052122619774
"Greenspace percentage, buffer 1000m",3,0.02244300442366143,0.13394984313802075
"Greenspace percentage, buffer 1000m",4,-0.04631073895788822,0.0008749025675939153
"Greenspace percentage, buffer 1000m",5,-0.12140531070339432,5.780251668807266e-10
"Domestic garden percentage, buffer 1000m",1,-0.023633578548272,0.06168972333571299
"Domestic garden percentage, buffer 1000m",2,0.018214452504264383,0.1785255335963395
"Domestic garden percentage, buffer 1000m",3,-0.0129919559407434,0.38719078434905296
"Domestic garden percentage, buffer 1000m",4,0.00639619584256377,0.6468887450170674
"Domestic garden percentage, buffer 1000m",5,0.028267601908285145,0.15055699132538877
"Water percentage, buffer 1000m",1,-0.004390551685051241,0.7285101115830558
"Water percentage, buffer 1000m",2,-0.0003809969913547145,0.97755119450713
"Water percentage, buffer 1000m",3,0.026738877806494605,0.0751271163182378
"Water percentage, buffer 1000m",4,-0.005038227017615984,0.7182314509663387
"Water percentage, buffer 1000m",5,-0.024394209410571514,0.2147729041993378
"Greenspace percentage, buffer 300m",1,0.062272642633868,8.113753655756282e-07
"Greenspace percentage, buffer 300m",2,-0.0007550294143120389,0.9554533242002553
"Greenspace percentage, buffer 300m",3,0.018452008482779062,0.21861068803508382
"Greenspace percentage, buffer 300m",4,-0.045327233977227044,0.0011456315822279263
"Greenspace percentage, buffer 300m",5,-0.09061926034077229,3.8921578833655095e-06
"Domestic garden percentage, buffer 300m",1,0.01142537469782737,0.36629137292155134
"Domestic garden percentage, buffer 300m",2,0.011738858909943105,0.38585441097426854
"Domestic garden percentage, buffer 300m",3,-0.007153594083778045,0.6339266155781164
"Domestic garden percentage, buffer 300m",4,-0.0060745876046221225,0.6634704891947674
"Domestic garden percentage, buffer 300m",5,-0.028072611210130126,0.153325200385165
"Water percentage, buffer 300m",1,-0.015600930437649246,0.21742004610659146
"Water percentage, buffer 300m",2,0.007794411495275863,0.5648303414263423
"Water percentage, buffer 300m",3,0.05069897163107566,0.0007389066687972991
"Water percentage, buffer 300m",4,-0.02623861632170178,0.06021367632034799
"Water percentage, buffer 300m",5,-0.013539488431970559,0.4911077998991401
"Natural environment percentage, buffer 1000m",1,0.08892633893788182,1.6450077902234629e-12
"Natural environment percentage, buffer 1000m",2,-0.00019964610967134033,0.9881878246832336
"Natural environment percentage, buffer 1000m",3,0.02636172033387021,0.0781213407801274
"Natural environment percentage, buffer 1000m",4,-0.05769932765810775,3.330858427439686e-05
"Natural environment percentage, buffer 1000m",5,-0.14521943020847025,1.1875111122410544e-13
"Natural environment percentage, buffer 300m",1,0.07189824649921916,1.2183533736202604e-08
"Natural environment percentage, buffer 300m",2,-0.009491027236637398,0.4824320571740529
"Natural environment percentage, buffer 300m",3,0.02758689130288037,0.06579026270804894
"Natural environment percentage, buffer 300m",4,-0.04967348699836116,0.0003637998430843667
"Natural environment percentage, buffer 300m",5,-0.10248341965855157,1.7570760388507515e-07
Townsend deprivation index,1,-0.1816928971951176,1.57371037383616e-47
Townsend deprivation index,2,-0.03612969758701606,0.007234383248100461
Townsend deprivation index,3,-0.051346488243286185,0.0005819219371076727
Townsend deprivation index,4,0.1519647756560007,5.66065414317228e-28
Townsend deprivation index,5,0.30188957676651845,4.603482664319269e-54
Average total household income before tax,1,0.1532288401318972,3.4238604337039785e-37
Average total household income before tax,2,0.0168281979495512,0.19166494758733219
Average total household income before tax,3,0.08341945721703563,5.406402239846746e-09
Average total household income before tax,4,-0.13482710932198894,3.240459220722319e-24
Average total household income before tax,5,-0.2813117473589457,3.149122171531657e-51
In paid employment or self-employed,1,0.06441248114088276,1.0632799304075117e-09
In paid employment or self-employed,2,0.03964128349908295,0.0004545736669131135
In paid employment or self-employed,3,0.03329170641336506,0.007968151790284596
In paid employment or self-employed,4,-0.05523235052939403,2.1642503606232016e-06
In paid employment or self-employed,5,-0.18677251635369646,4.944414100578884e-30
Retired,1,-0.012291226412480255,0.18806761062846156
Retired,2,0.005112097114461258,0.6090362012314496
Retired,3,-0.024970645315243362,0.024360745169963845
Retired,4,0.019666906185299454,0.056390611604325194
Retired,5,0.022690123444223553,0.11803418238149992
Looking after home and/or family,1,0.02920237185827035,0.01880654443532553
Looking after home and/or family,2,-0.009966354802498885,0.45384775460183946
Looking after home and/or family,3,0.021786585418574266,0.14006843193937452
Looking after home and/or family,4,-0.04200287689754355,0.002204482401896015
Looking after home and/or family,5,-0.003569466117551795,0.8534572129257367
Unable to work because of sickness or disability,1,-0.1117255545630557,8.987696994497375e-19
Unable to work because of sickness or disability,2,-0.09771755070180273,4.931034670203043e-13
Unable to work because of sickness or disability,3,-0.0528608070499712,0.000428296933126449
Unable to work because of sickness or disability,4,0.10627782409461319,2.4913894631711288e-14
Unable to work because of sickness or disability,5,0.3559013350368715,9.729390028396408e-74
Unemployed,1,-0.04954397318211845,8.236203477664819e-05
Unemployed,2,-0.03520998653092718,0.008949800056987067
Unemployed,3,-0.020426937934266406,0.17177170245263365
Unemployed,4,0.05472646072134863,8.150151941864295e-05
Unemployed,5,0.12045789812245855,7.319569139109737e-10
Doing unpaid or voluntary work,1,0.005703509971946202,0.6509306774361008
Doing unpaid or voluntary work,2,0.044063094386236595,0.0010911644157985535
Doing unpaid or voluntary work,3,-0.006146460389789907,0.6814369929645114
Doing unpaid or voluntary work,4,-0.0375638549782813,0.006940424636568864
Doing unpaid or voluntary work,5,-0.021696983586772935,0.2682072691432578
Full or part-time student,1,-0.015156009163436596,0.2291042617508938
Full or part-time student,2,-0.004264587641578335,0.7518973735421519
Full or part-time student,3,0.00989121406301637,0.5087585894232696
Full or part-time student,4,0.004276280516281094,0.7585441734439515
Full or part-time student,5,0.020200871890278464,0.30248789616809324
Vitamin A,1,-0.004875696083916253,0.6997886860403669
Vitamin A,2,0.02059262201298961,0.1281362287582239
Vitamin A,3,0.009139227946714455,0.5428552500988555
Vitamin A,4,-0.02637958961243535,0.05875998857213448
Vitamin A,5,0.005012222330822093,0.7987354635259266
Vitamin B,1,-0.012920095861472115,0.30625941554011576
Vitamin B,2,0.0009978821281800604,0.941153800258862
Vitamin B,3,0.01494525637522192,0.3190926271485544
Vitamin B,4,-0.01170919525719447,0.4009395712918121
Vitamin B,5,0.026743973115121788,0.17311762995787747
Vitamin C,1,-0.004844434109836694,0.7016385660959463
Vitamin C,2,0.007244052159275721,0.5925204654502862
Vitamin C,3,0.0380563443345185,0.011283129061912827
Vitamin C,4,-0.023435948334209415,0.09315770434004624
Vitamin C,5,-0.02227814924690614,0.2570946898585782
Vitamin D_ukb_Modifiable_categorical_bl_data,1,0.009181131275571136,0.4659182179485918
Vitamin D_ukb_Modifiable_categorical_bl_data,2,0.01579443683801122,0.24126659222949748
Vitamin D_ukb_Modifiable_categorical_bl_data,3,-0.007749858682006329,0.6043585427429752
Vitamin D_ukb_Modifiable_categorical_bl_data,4,-0.025853769382246827,0.06288237793245277
Vitamin D_ukb_Modifiable_categorical_bl_data,5,0.009046591391832262,0.6439817571863828
Vitamin E,1,0.0007567216263486337,0.9522412373457174
Vitamin E,2,0.00965082335190003,0.475483226502749
Vitamin E,3,-0.0018255156731097463,0.9031864017646152
Vitamin E,4,-0.008071027425934445,0.5628057684680479
Vitamin E,5,-0.003050913327111632,0.8765648116374267
Folic acid,1,-0.023476393694407512,0.06322058323573175
Folic acid,2,-0.01591572107330279,0.23939486286567158
Folic acid,3,0.007169377222283515,0.6329511312448597
Folic acid,4,0.0016541758831635162,0.9056170143817242
Folic acid,5,0.07474820441898165,0.0001418512043496962
Multivitamins,1,0.01912674669069594,0.12924574049179818
Multivitamins,2,0.03593899935615266,0.007741395291213319
Multivitamins,3,0.018217221945593963,0.22381638474621027
Multivitamins,4,-0.03558085978564963,0.01056860585736591
Multivitamins,5,-0.08266861610773743,2.461267198046568e-05
Fish oil,1,0.06404541655601802,2.4751705665648987e-07
Fish oil,2,0.045786033606914495,0.0005700414798694507
Fish oil,3,0.02241205777970057,0.12857985350184822
Fish oil,4,-0.06941627795006065,4.0652208069208377e-07
Fish oil,5,-0.15207935923868993,3.1933412274932297e-15
Glucosamine,1,0.06810521631133289,4.398376795956015e-08
Glucosamine,2,0.057047500207885765,1.842236509845027e-05
Glucosamine,3,0.01001403903112042,0.49811953233028194
Glucosamine,4,-0.07004538539147012,3.397397147516233e-07
Glucosamine,5,-0.16316040792541295,3.213935983120194e-17
Calcium_ukb_Modifiable_categorical_bl_data,1,0.051895752645812705,3.106235562422089e-05
Calcium_ukb_Modifiable_categorical_bl_data,2,0.03327006748229815,0.012610729576047482
Calcium_ukb_Modifiable_categorical_bl_data,3,-0.030134621504731954,0.0417389159244242
Calcium_ukb_Modifiable_categorical_bl_data,4,-0.07034261605394525,3.134604285838839e-07
Calcium_ukb_Modifiable_categorical_bl_data,5,-0.0044705214418396455,0.8174800435079369
Zinc,1,0.02325666006577956,0.06583036442887176
Zinc,2,0.012165265801543772,0.3686889036977882
Zinc,3,0.008863551221572634,0.5550451219643939
Zinc,4,-0.029133770775671284,0.03683619260409393
Zinc,5,-0.03926888188339782,0.04571573365492239
Iron,1,-0.016521159690161682,0.19054582640524098
Iron,2,0.014808615943316871,0.273041562120342
Iron,3,0.007017777487982045,0.6397225760393241
Iron,4,-0.01900416911776172,0.17257327714610918
Iron,5,0.03436369161035063,0.0798887185023838
Selenium,1,0.02284613231888108,0.070696371921556
Selenium,2,-0.00538649443965484,0.6905606426196966
Selenium,3,-0.006504939064587836,0.6648440411768377
Selenium,4,0.0003762078027817717,0.9784909080517846
Selenium,5,-0.033457515651084783,0.08864084286278115
Comparative body size at age 10,1,0.03187556347995651,0.011707715772424541
Comparative body size at age 10,2,0.041108548340994484,0.0023879274888489017
Comparative body size at age 10,3,-0.027165672522319346,0.07051479581511302
Comparative body size at age 10,4,-0.050270829773894056,0.0003162481599232032
Comparative body size at age 10,5,-0.01751264929100886,0.3730207226210407
Comparative height size at age 10,1,0.0011092973301250239,0.930102460841512
Comparative height size at age 10,2,0.006854855612818906,0.6125924903847597
Comparative height size at age 10,3,0.007139168583454134,0.6346080826740281
Comparative height size at age 10,4,-0.015430231689878083,0.26903141453124935
Comparative height size at age 10,5,0.0012342871880323552,0.9499415295527877
Maternal smoking around birth,1,-0.027563310621607842,0.029231157603739167
Maternal smoking around birth,2,-0.04257303519277978,0.0016538208536038123
Maternal smoking around birth,3,0.005054783816065893,0.7364114369853129
Maternal smoking around birth,4,0.06251983519761463,7.4422584777699546e-06
Maternal smoking around birth,5,0.023760179937268734,0.2266803582632753
Age first had sexual intercourse,1,0.07903465193333421,2.2533711753051485e-10
Age first had sexual intercourse,2,0.12911480308801582,3.5022475328549146e-22
Age first had sexual intercourse,3,-0.07663329636739548,2.252960734473776e-07
Age first had sexual intercourse,4,-0.12131071979591682,1.121580235176588e-18
Age first had sexual intercourse,5,-0.09149092627251357,2.3301790683304814e-06
Ever had same-sex intercourse,1,-0.038242874502636096,0.00241918825927365
Ever had same-sex intercourse,2,-0.014610562455538644,0.2790139233324584
Ever had same-sex intercourse,3,0.005810317758253073,0.6980551479877777
Ever had same-sex intercourse,4,0.04756707746613109,0.0006312857630773468
Ever had same-sex intercourse,5,0.018951925122473418,0.3336172731543391
College or University degree,1,0.02695301737193515,0.031535249729953314
College or University degree,2,0.12536536239040047,8.791950030937877e-21
College or University degree,3,-0.11154236237861984,6.650038553892195e-14
College or University degree,4,-0.04135487296089571,0.0028008508096246587
College or University degree,5,-0.05649019084045592,0.003743843539200304
A levels/AS levels or equivalent,1,0.0724265897470072,6.8858907996838106e-09
A levels/AS levels or equivalent,2,0.07318859596730054,4.518412020901668e-08
A levels/AS levels or equivalent,3,-0.020048871048292574,0.17707113900284577
A levels/AS levels or equivalent,4,-0.08414018106763876,1.078110618529784e-09
A levels/AS levels or equivalent,5,-0.12820105236885992,4.189957993235718e-11
O levels/GCSEs or equivalent,1,0.09587708411245868,1.5920646929591555e-14
O levels/GCSEs or equivalent,2,0.023327133989568236,0.08101796285087028
O levels/GCSEs or equivalent,3,0.020454489074715757,0.1679853387988517
O levels/GCSEs or equivalent,4,-0.10610243225462225,1.370513470226418e-14
O levels/GCSEs or equivalent,5,-0.10552602121232266,5.451674086803642e-08
CSEs or equivalent,1,-0.01286170252837907,0.28999868482992786
CSEs or equivalent,2,-0.013371696341050999,0.3040887975751268
CSEs or equivalent,3,0.012846362645760459,0.3736073261158094
CSEs or equivalent,4,0.029756654731885337,0.026573769447384595
CSEs or equivalent,5,-0.021732007174100808,0.2501252685325008
NVQ or HND or HNC or equivalent,1,-0.051412389649693274,3.861277692752021e-05
NVQ or HND or HNC or equivalent,2,-0.0080316415337859,0.548131992462505
NVQ or HND or HNC or equivalent,3,-0.007476085946112288,0.6144268401011936
NVQ or HND or HNC or equivalent,4,0.056033543059212244,4.836973119744115e-05
NVQ or HND or HNC or equivalent,5,0.042870593999349345,0.027293214204529542
Other professional qualifications,1,0.05082198948173816,5.794638747563767e-05
Other professional qualifications,2,0.049329404403036084,0.000266289228953284
Other professional qualifications,3,-0.022601225200878074,0.13225717349916732
Other professional qualifications,4,-0.04871758516298568,0.00048009050441549724
Other professional qualifications,5,-0.09154234958407491,3.175889206557553e-06
"Husband, wife or partner",1,0.06263611813651972,5.307091744606903e-07
"Husband, wife or partner",2,0.047928525902145594,0.00033772452130792984
"Husband, wife or partner",3,0.032135031091468355,0.030339273153012245
"Husband, wife or partner",4,-0.08303322875256236,1.714469378074296e-09
"Husband, wife or partner",5,-0.14284044856692127,1.8658121751601295e-13
Son and/or daughter,1,0.03144188681108837,0.005994238259922894
Son and/or daughter,2,-0.014956654776295666,0.22201744323143455
Son and/or daughter,3,0.004308677541946075,0.7512292847628292
Son and/or daughter,4,-0.02518074371841949,0.046189493443205124
Son and/or daughter,5,-0.0018813514283642584,0.9157686819775159
Brother and/or sister,1,-0.028052280283716334,0.02649371556755366
Brother and/or sister,2,-0.03854981103690641,0.004389863758777194
Brother and/or sister,3,-0.009593228937510304,0.5229558471855698
Brother and/or sister,4,0.03322146799916388,0.017290808710575343
Brother and/or sister,5,0.09965437613823955,3.9521065170035356e-07
Mother and/or father,1,-0.0567752209377357,6.6099530994438195e-06
Mother and/or father,2,-0.009695814190165202,0.47229442059795035
Mother and/or father,3,-0.0014491189767250972,0.9228814310500671
Mother and/or father,4,0.053249665229251814,0.0001291114722296173
Mother and/or father,5,0.05453951611147651,0.0053699308677432065
Grandparent,1,-0.016114302237589587,0.20266130567438095
Grandparent,2,-0.001233640864243241,0.9274017445084572
Grandparent,3,-0.022306223504715922,0.13762920976723955
Grandparent,4,0.02563787501889564,0.06632839884738422
Grandparent,5,0.028908646799342165,0.14151746465718706
Grandchild,1,-0.04196537746405104,0.0008912643312071686
Grandchild,2,-0.012645949757460901,0.34961354515559995
Grandchild,3,-0.024127749842684742,0.10779064673817092
Grandchild,4,0.06281234858921753,6.616487178182282e-06
Grandchild,5,0.04485000851262882,0.02236170981188763
Other related,1,-0.010692623334059575,0.39773477858419437
Other related,2,-0.0010875731640961849,0.9359541276299892
Other related,3,-0.009753721087365849,0.5160608067153709
Other related,4,0.011980794044880045,0.3906870633362848
Other related,5,0.021082049258294284,0.28348258022856515
