subtype,cell_type,chi2_stat,p_value,overlap,fdr,neg_log10_fdr
1,B cell,0.06260581350662167,0.8024237633343003,9,0.9367900556332479,0.028357728104917348
1,Bergmann glial cell,2.638560065558309,0.10429803649293802,7,0.2840953979098685,0.5465358014003923
1,CD1c-positive myeloid dendritic cell,4.341455061558426,0.03719512298209474,18,0.1503211909048318,0.8229797922386367
1,CD4-positive helper T cell,0.02911511893787529,0.8645135043466546,11,0.9769270250356933,0.010137876207512967
1,"CD4-positive, alpha-beta T cell",0.19789428712627288,0.6564259123660483,9,0.864964750929293,0.06300159055694507
1,"CD4-positive, alpha-beta cytotoxic T cell",0.0,1.0,10,1.0,-0.0
1,"CD4-positive, alpha-beta memory T cell",0.33937686420016216,0.5601891287083897,8,0.7864193537637009,0.10434580706636816
1,"CD8-alpha-alpha-positive, alpha-beta intraepithelial T cell",0.5210903425742948,0.4703769431579984,12,0.7156972234476486,0.14527066763124982
1,"CD8-positive, alpha-beta T cell",0.1580662093648367,0.6909431869483879,10,0.8817981232033621,0.054630829850012476
1,"CD8-positive, alpha-beta cytotoxic T cell",0.20571195545744286,0.6501492934180846,13,0.8597988844115974,0.06560312271540833
1,"CD8-positive, alpha-beta memory T cell",0.21701479096091855,0.6413239725850781,9,0.8558802559179288,0.06758699213570109
1,"CD14-low, CD16-positive monocyte",4.6150632799349625,0.03169232584220215,19,0.14021453251398527,0.8532069716507501
1,CD14-positive monocyte,3.367903800681732,0.06647829030834071,18,0.22677173796770428,0.6444110715140711
1,"CD14-positive, CD16-negative classical monocyte",2.990305861799308,0.08376434563747037,18,0.2531293697120434,0.5966574622543022
1,"CD14-positive, CD16-positive monocyte",4.341455061558426,0.03719512298209474,18,0.1503211909048318,0.8229797922386367
1,"CD16-negative, CD56-bright natural killer cell, human",0.8741342719691795,0.3498133043489138,7,0.5952534083326505,0.22529810921023105
1,"CD16-positive, CD56-dim natural killer cell, human",0.06119770985491197,0.8046128286055431,13,0.9367900556332479,0.028357728104917348
1,IgA plasma cell,13.724033030827227,0.00021172774202490977,13,0.005014519966636938,2.299770635090013
1,IgG plasma cell,4.988721651295777,0.0255130500883567,13,0.12015823590000253,0.9202464563761786
1,L2/3-6 intratelencephalic projecting glutamatergic cortical neuron,9.184325991929954,0.0024409640391722626,1,0.025824692008634083,1.5879648492758465
1,L6b glutamatergic cortical neuron,7.175492906461021,0.0073906139637297105,2,0.055052532586966206,1.2592226973417329
1,Schwann cell,1.587907301116995,0.2076253770678553,10,0.4342880379929352,0.36222213265758657
1,T cell,2.643570784461362,0.10396962321766479,6,0.2840953979098685,0.5465358014003923
1,T follicular helper cell,0.2575380292469031,0.6118166291937988,9,0.8332577225960319,0.07922065262656733
1,T-helper 22 cell,0.0,1.0,9,1.0,-0.0
1,"activated CD4-positive, alpha-beta T cell",0.13743989106903565,0.7108394890834919,13,0.8879098604370587,0.051631121047754656
1,"activated CD8-positive, alpha-beta T cell",0.6789070293145318,0.409963338853667,10,0.663673423211852,0.1780455733230603
1,alpha-beta T cell,0.0,1.0,13,1.0,-0.0
1,alternatively activated macrophage,19.07837981812644,1.2545811789176688e-05,25,0.0007044955850845371,3.1521217241719865
1,alveolar macrophage,6.914815612836001,0.008548445595308226,21,0.05946670155045041,1.2257261499178371
1,alveolar type 1 fibroblast cell,0.730254461928487,0.39280071991526744,18,0.6447999407756152,0.19057501109258224
1,alveolar type 2 fibroblast cell,0.1530250627937975,0.6956611009385952,16,0.8830833753577685,0.05399829104483974
1,amacrine cell,8.65023983021709,0.003270183088360981,4,0.033209126801788245,1.4787425435570074
1,astrocyte,1.8059594512947883,0.17899369278562965,8,0.40001586644414794,0.39792278224083594
1,astrocyte of the cerebral cortex,4.928205690727888,0.026421738511078686,5,0.12185608397414162,0.9141527826841279
1,basal cell,2.056538978902366,0.1515540574440044,19,0.35804032988389395,0.44606805140210026
1,blood vessel endothelial cell,6.914815612836001,0.008548445595308226,21,0.05946670155045041,1.2257261499178371
1,bronchus fibroblast of lung,0.3675154373591119,0.54436169216203,14,0.7774914395441455,0.10930438401071595
1,capillary endothelial cell,3.4875653649791176,0.06183145634240234,22,0.213919256540065,0.6697501194365615
1,caudal ganglionic eminence derived GABAergic cortical interneuron,7.0985305455091625,0.007714717463321561,2,0.05641557042252246,1.2486010163121095
1,"central memory CD4-positive, alpha-beta T cell",0.0045944049497697375,0.9459591408620481,9,1.0,-0.0
1,"central memory CD8-positive, alpha-beta T cell",0.023311693443085597,0.8786493136762387,11,0.9837638021221691,0.007109161475626238
1,central nervous system macrophage,0.2949181763219771,0.5870859484470914,18,0.814777076742161,0.08896119811128265
1,chandelier pvalb GABAergic cortical interneuron,6.8036940785203655,0.009096946401136948,1,0.06015392062406503,1.220736061592505
1,ciliated columnar cell of tracheobronchial tree,2.7270888521066317,0.09865897037866415,19,0.27807354585492217,0.5558403251800811
1,class switched memory B cell,0.0010640499287548162,0.9739777975126667,8,1.0,-0.0
1,classical monocyte,2.6434201516158655,0.1039794794904293,18,0.2840953979098685,0.5465358014003923
1,club cell,8.195189920554723,0.004200159723775622,18,0.03758515677629525,1.424983633872378
1,conventional dendritic cell,1.1646397289305523,0.2805053756477853,14,0.5264597346522065,0.2786348394586913
1,corticothalamic-projecting glutamatergic cortical neuron,6.715424138020924,0.009558255579265986,2,0.06219160399798424,1.2062682420530102
1,dendritic cell,2.990305861799308,0.08376434563747037,18,0.2531293697120434,0.5966574622543022
1,double negative T regulatory cell,0.0014490983617226438,0.9696342428030089,14,1.0,-0.0
1,double negative thymocyte,0.0,1.0,12,1.0,-0.0
1,"double-positive, alpha-beta thymocyte",0.4958038385113117,0.4813497046322376,12,0.7230149884393692,0.1408526994841158
1,"effector CD8-positive, alpha-beta T cell",0.22906852740162575,0.6322153630947915,10,0.8530817283903841,0.06900935981879942
1,"effector memory CD4-positive, alpha-beta T cell",0.0,1.0,11,1.0,-0.0
1,"effector memory CD8-positive, alpha-beta T cell",0.7294455153602567,0.3930629775960942,7,0.6447999407756152,0.19057501109258224
1,"effector memory CD8-positive, alpha-beta T cell, terminally differentiated",0.05068314200409546,0.8218787910497367,13,0.9478223024744199,0.02327307646842033
1,elicited macrophage,13.957404690732535,0.00018699964180314538,26,0.004875347804153433,2.31199439657332
1,endothelial cell,3.0625166662821,0.08011749206238492,21,0.24782105595568216,0.6058617968426215
1,endothelial cell of artery,8.202140868040123,0.004184098996632419,24,0.03758515677629525,1.424983633872378
1,endothelial cell of lymphatic vessel,8.480220191965119,0.00359028643671586,20,0.033916660785921135,1.4695869121238954
1,enterocyte,5.232534196565084,0.022168210892597875,18,0.107885293010643,0.9670377545724597
1,enteroendocrine cell,0.6787343249673524,0.4100228957103359,13,0.663673423211852,0.1780455733230603
1,ependymal cell,3.776315118547024,0.0519830214482738,7,0.18785943394673205,0.7261669906025557
1,epithelial cell of proximal tubule,9.192451830364872,0.002430151551187778,28,0.025824692008634083,1.5879648492758465
1,erythrocyte,0.0018500826608962996,0.9656914999755848,9,1.0,-0.0
1,fibroblast of cardiac tissue,0.1119053086434455,0.737985308972759,15,0.8988030019699969,0.046335485722393294
1,foveolar cell of stomach,2.6683058077704467,0.10236493835700695,13,0.2840953979098685,0.5465358014003923
1,gamma-delta T cell,0.014796066809668903,0.9031848585753927,10,0.9959591340786051,0.0017584810625131443
1,goblet cell,0.16481178944820435,0.6847645089623609,14,0.8769791079693393,0.05701075258801434
1,granulocyte,0.11168583451836461,0.738232939993811,14,0.8988030019699969,0.046335485722393294
1,hematopoietic stem cell,0.05068314200409546,0.8218787910497367,13,0.9478223024744199,0.02327307646842033
1,immature B cell,0.17436391267715123,0.6762622284086884,7,0.8768586620574468,0.05707040348147659
1,immature innate lymphoid cell,0.0,1.0,17,1.0,-0.0
1,inflammatory macrophage,20.16953399553745,7.087276506977063e-06,28,0.0005173711850093257,3.2861977629792136
1,innate lymphoid cell,0.09909588386865606,0.7529173181397104,10,0.9045952961540656,0.043545674891718976
1,intermediate monocyte,5.515695010856965,0.018846583415673,20,0.09645919870866694,1.0156563501048863
1,intestine goblet cell,3.1176484135947473,0.07744847804113485,13,0.24264973806879156,0.6150201731528987
1,keratinocyte,0.11706938682309846,0.7322349711229419,12,0.8983723175121807,0.0465436389114829
1,kidney collecting duct intercalated cell,0.8453759169507377,0.3578637683635276,18,0.6066527573366234,0.21705982412118432
1,kidney collecting duct principal cell,0.3451706568915149,0.556859718249068,20,0.7862816137752797,0.10442187965524088
1,kidney connecting tubule epithelial cell,1.3844155015323512,0.23935045635221402,20,0.47682278720521526,0.3216429979804723
1,kidney distal convoluted tubule epithelial cell,0.0790423763751107,0.7785993711362645,15,0.9226908131971966,0.03494380343521519
1,kidney interstitial fibroblast,0.029781030062604522,0.8629880107293413,15,0.9769270250356933,0.010137876207512967
1,kidney loop of Henle thick ascending limb epithelial cell,0.06142289697526326,0.804260965519025,15,0.9367900556332479,0.028357728104917348
1,kidney loop of Henle thin ascending limb epithelial cell,0.0011235153338198442,0.9732608100213008,16,1.0,-0.0
1,kidney loop of Henle thin descending limb epithelial cell,0.25840173499329155,0.6112203164293637,15,0.8332577225960319,0.07922065262656733
1,lamp5 GABAergic cortical interneuron,10.319987027751875,0.0013159721415299899,1,0.018836463986605736,1.7250006203985266
1,leukocyte,0.13743989106903565,0.7108394890834919,13,0.8879098604370587,0.051631121047754656
1,luminal epithelial cell of mammary gland,3.1478454429351674,0.07602728753371225,20,0.24162337027109104,0.6168610622325437
1,lung macrophage,22.969303004744987,1.6460898022767198e-06,29,0.0001716636508088579,3.7653216554760043
1,lung pericyte,0.03834576991266893,0.8447504607810061,12,0.9711968362799979,0.012692741001495896
1,lymphocyte,2.400149232325162,0.1213236761575154,10,0.31295506570666515,0.5045180142635973
1,lymphoid lineage restricted progenitor cell,2.1631261076365838,0.14135684926578723,10,0.3407052451810937,0.4676211803867136
1,macrophage,13.078972976851476,0.0002986291440973836,25,0.006606038642154244,2.180058890222977
1,mast cell,3.367903800681732,0.06647829030834071,18,0.22677173796770428,0.6444110715140711
1,mature B cell,0.08685061477375305,0.768219790597012,12,0.9151362326453416,0.038514249450410355
1,mature NK T cell,0.38006427704002216,0.537568838376592,10,0.7719471209653592,0.11241244818693019
1,mature alpha-beta T cell,0.2189525548185693,0.6398391805594117,14,0.8558802559179288,0.06758699213570109
1,mature gamma-delta T cell,0.14715765096665978,0.701266542720929,13,0.8841529813234511,0.0534725843122097
1,memory B cell,0.5964977560852979,0.43991741937935025,13,0.6901421614792898,0.16106144029652325
1,memory T cell,0.7861010543477218,0.375281690975525,8,0.6269007652451561,0.20280120002617785
1,mesothelial cell,0.06013650229677877,0.8062803230359232,15,0.9372366812360254,0.02815072247941665
1,microglial cell,8.463232681660433,0.003623971974386094,22,0.033916660785921135,1.4695869121238954
1,monocyte,5.288739604436155,0.021463749022892702,21,0.10586849180210589,0.9752332738164539
1,mucosal invariant T cell,1.6515455741120748,0.19874870068600906,6,0.4229928615183283,0.37366696177237785
1,mucous neck cell,6.913773370238198,0.008553429675064785,18,0.05946670155045041,1.2257261499178371
1,myoepithelial cell of mammary gland,0.4675986642401052,0.49409397446664205,15,0.7346000027711787,0.13394907435240816
1,naive B cell,0.12103916127788708,0.7279101569063231,11,0.8945697214505318,0.04838580550328208
1,"naive thymus-derived CD4-positive, alpha-beta T cell",0.12934099156043222,0.7191163022126232,9,0.8912350280371931,0.05000775284324318
1,"naive thymus-derived CD8-positive, alpha-beta T cell",0.500272705809259,0.47938032213110704,8,0.7215415157849653,0.14173867557865266
1,nasal mucosa goblet cell,9.646280086561681,0.0018973542793176846,19,0.021458055483377966,1.6684096361026628
1,natural killer cell,0.0,1.0,11,1.0,-0.0
1,near-projecting glutamatergic cortical neuron,9.669202788102252,0.0018738260568741936,1,0.021458055483377966,1.6684096361026628
1,neuron,9.912678400635619,0.0016414406257278824,1,0.021237334589426064,1.6728999906857829
1,neutrophil,2.2660788297501173,0.13223409897783905,19,0.3280271445113691,0.48409021658184104
1,non-classical monocyte,4.497239383555192,0.033949619862046976,19,0.14664628697807275,0.8337289286967158
1,oligodendrocyte,2.2695556058040687,0.13193773006809562,7,0.3280271445113691,0.48409021658184104
1,oligodendrocyte precursor cell,6.049256965593811,0.01391215011075681,3,0.08124695664681977,1.0901928978721245
1,pericyte,0.02746930979254514,0.8683626053735329,15,0.9785201696900937,0.009430218043966179
1,plasma cell,2.6476587435065144,0.10370252836546844,17,0.2840953979098685,0.5465358014003923
1,plasmablast,7.577572811816861,0.005909896479561253,17,0.047013956863316476,1.3277731954914591
1,plasmacytoid dendritic cell,3.2705091915282893,0.07053572717989437,18,0.23090170780862282,0.6365728549168723
1,platelet,1.001353934708276e-05,0.9974751641911557,10,1.0,-0.0
1,pulmonary artery endothelial cell,0.35118793043166485,0.5534414405962869,17,0.7844898090005619,0.10541269378968757
1,pvalb GABAergic cortical interneuron,8.064002160750192,0.0045153335110238915,1,0.03924039836961239,1.4062665923000857
1,regulatory T cell,0.0,1.0,11,1.0,-0.0
1,renal interstitial pericyte,0.062299504662094475,0.8028977139083107,17,0.9367900556332479,0.028357728104917348
1,respiratory basal cell,1.358729136427685,0.24375785479518244,18,0.47963135849186844,0.3190924302963591
1,respiratory hillock cell,1.401916703166711,0.23640291554730025,16,0.47410474821299226,0.32412569515061684
1,retina horizontal cell,5.747031774465507,0.016516540709273407,5,0.08865496116007049,1.052296956124483
1,retinal cone cell,4.961189237452397,0.02592237401517665,6,0.12053078363744557,0.918902019840285
1,retinal ganglion cell,2.1715991022347794,0.1405799848492621,9,0.3407052451810937,0.4676211803867136
1,retinal rod cell,4.385274722294972,0.03625064965042961,7,0.1503211909048318,0.8229797922386367
1,smooth muscle cell,0.0003131135780454149,0.9858821569798256,14,1.0,-0.0
1,sncg GABAergic cortical interneuron,8.622195863100991,0.003320912680178825,1,0.033209126801788245,1.4787425435570074
1,sst GABAergic cortical interneuron,8.382480825677574,0.0037885494958729855,1,0.035008115594775686,1.4558312656650194
1,tracheal goblet cell,13.402155186951271,0.00025133535122322167,19,0.005733587699779745,2.2415735402260273
1,tracheobronchial smooth muscle cell,0.003947732866673756,0.9499010909364516,13,1.0,-0.0
1,transitional stage B cell,0.9136734687215893,0.339141614479483,13,0.5903254767219165,0.22890847349405463
1,type I pneumocyte,3.3204311030794327,0.06842388450012167,23,0.22807961500040558,0.6419135287893563
1,type II pneumocyte,4.3379662634741285,0.03727141856681446,22,0.1503211909048318,0.8229797922386367
1,vascular associated smooth muscle cell,0.1604079157222495,0.6887812361566779,14,0.8805784630374341,0.05523194060983363
1,vein endothelial cell,6.487927641187602,0.010860951710746946,23,0.0660707895737106,1.1799905031590407
1,vip GABAergic cortical interneuron,9.184325991929954,0.0024409640391722626,1,0.025824692008634083,1.5879648492758465
2,B cell,6.6391512165774,0.009976145386704341,2,0.06283926700982842,1.2017688894411573
2,Bergmann glial cell,9.861919265562028,0.0016873498714886463,24,0.021237334589426064,1.6728999906857829
2,CD1c-positive myeloid dendritic cell,3.139609205873409,0.07641211436938271,5,0.24162337027109104,0.6168610622325437
2,CD4-positive helper T cell,2.9259097335039117,0.08716808074153733,6,0.2597253018013153,0.5854857404074975
2,"CD4-positive, alpha-beta T cell",3.019633263467925,0.08226206683874747,5,0.2531293697120434,0.5966574622543022
2,"CD4-positive, alpha-beta cytotoxic T cell",0.9117923009764746,0.3396393153742533,7,0.5903254767219165,0.22890847349405463
2,"CD4-positive, alpha-beta memory T cell",1.5556544010466709,0.21230263557907064,6,0.4377992202619253,0.3587250162633926
2,"CD8-alpha-alpha-positive, alpha-beta intraepithelial T cell",7.09541017722332,0.0077281603318523915,5,0.05641557042252246,1.2486010163121095
2,"CD8-positive, alpha-beta T cell",1.7732445415056648,0.18298105067147616,7,0.4047762636065988,0.3927849627861432
2,"CD8-positive, alpha-beta cytotoxic T cell",1.3183018797441914,0.2508970376877346,7,0.489718816877129,0.31005320839979156
2,"CD8-positive, alpha-beta memory T cell",3.0794734153327004,0.07928619247916867,5,0.24629327876507714,0.6085474397040038
2,"CD14-low, CD16-positive monocyte",6.49232146375046,0.010834140677867494,3,0.0660707895737106,1.1799905031590407
2,CD14-positive monocyte,4.99486089332183,0.025422696965183532,4,0.12015823590000253,0.9202464563761786
2,"CD14-positive, CD16-negative classical monocyte",3.946418632033556,0.04697123348373118,5,0.17674742496455545,0.7526469047267104
2,"CD14-positive, CD16-positive monocyte",5.829710095633214,0.015757720065607474,3,0.08781019578544622,1.0564550545235285
2,"CD16-negative, CD56-bright natural killer cell, human",0.8741342719691795,0.3498133043489138,7,0.5952534083326505,0.22529810921023105
2,"CD16-positive, CD56-dim natural killer cell, human",1.0029558986695752,0.3165963224504676,8,0.5555656619924071,0.2552646046696052
2,IgA plasma cell,4.218421669931914,0.03998734013165556,0,0.15951234041589374,0.7972057128123675
2,IgG plasma cell,6.637496192753012,0.00998541777142479,0,0.06283926700982842,1.2017688894411573
2,L2/3-6 intratelencephalic projecting glutamatergic cortical neuron,19.389554980667203,1.0658843310597613e-05,25,0.0006484129680613548,3.188148307979648
2,L6b glutamatergic cortical neuron,14.628781302280666,0.00013090007835113183,23,0.0038222822878530498,2.4176772420508335
2,Schwann cell,12.011635732549376,0.0005286943584353585,28,0.010430996801562478,1.9816741877639836
2,T cell,2.643570784461362,0.10396962321766479,6,0.2840953979098685,0.5465358014003923
2,T follicular helper cell,1.3183018797441914,0.2508970376877346,7,0.489718816877129,0.31005320839979156
2,T-helper 22 cell,2.7767138121317267,0.095644231679415,4,0.2738050553959724,0.5625585375376536
2,"activated CD4-positive, alpha-beta T cell",10.039506290605301,0.0015321826319549567,3,0.020336242205947607,1.69172929428416
2,"activated CD8-positive, alpha-beta T cell",10.0951083740758,0.001486634178543834,2,0.020336242205947607,1.69172929428416
2,alpha-beta T cell,5.907951197534959,0.01507269195119755,4,0.08529507848352103,1.0690760268525443
2,alternatively activated macrophage,0.21701479096091855,0.6413239725850781,9,0.8558802559179288,0.06758699213570109
2,alveolar macrophage,0.21023200462609093,0.6465856219311892,10,0.8566379383117388,0.06720269571742442
2,alveolar type 1 fibroblast cell,9.717435512684805,0.0018252803166477014,26,0.021458055483377966,1.6684096361026628
2,alveolar type 2 fibroblast cell,27.599460129772606,1.4922040939797818e-07,33,3.0808373154885207e-05,4.511331234124157
2,amacrine cell,6.7965992667131125,0.009133167283626823,25,0.06015392062406503,1.220736061592505
2,astrocyte,18.492051327928152,1.706143754435458e-05,28,0.0008258240614073254,3.0831124675690984
2,astrocyte of the cerebral cortex,8.080223680074278,0.004475092167622349,23,0.03924039836961239,1.4062665923000857
2,basal cell,0.7247713411681991,0.39458326855255277,17,0.645842569603954,0.18987333260038908
2,blood vessel endothelial cell,2.9007859981025335,0.08853637176749599,18,0.2606110943156132,0.5840071001449478
2,bronchus fibroblast of lung,35.32642628137633,2.788230310611499e-09,31,2.035408126746394e-06,5.691348495813472
2,capillary endothelial cell,7.326978345381441,0.00679271541293209,25,0.051652940119171105,1.2869049531145231
2,caudal ganglionic eminence derived GABAergic cortical interneuron,14.892270747547212,0.00011382841748593414,23,0.0034622810318638304,2.460637683533366
2,"central memory CD4-positive, alpha-beta T cell",3.1465671606263963,0.0760868766695483,4,0.24162337027109104,0.6168610622325437
2,"central memory CD8-positive, alpha-beta T cell",3.462700660321713,0.0627677179403719,4,0.21613412309656366,0.6652766616098741
2,central nervous system macrophage,1.8899785642085523,0.16920433942349528,10,0.3884250559092816,0.41069276307874797
2,chandelier pvalb GABAergic cortical interneuron,23.98247454992675,9.72165944630376e-07,23,0.00011828018993002909,3.927087986771069
2,ciliated columnar cell of tracheobronchial tree,1.0583734459820735,0.30358645754048547,9,0.543181651971947,0.2650549084291711
2,class switched memory B cell,2.1864322246548897,0.13923149472773244,4,0.33992973629178824,0.46861084264682534
2,classical monocyte,4.203282841777449,0.040345802919747174,5,0.16006758767073606,0.7956966001283847
2,club cell,1.7370114940322194,0.18751793612010487,5,0.40862117423187033,0.38867913253030395
2,conventional dendritic cell,5.036909294965003,0.02481272159294574,3,0.11916636028191047,0.9238463251815562
2,corticothalamic-projecting glutamatergic cortical neuron,13.713262785751978,0.00021294536844622614,22,0.005014519966636938,2.299770635090013
2,dendritic cell,1.1185327790960347,0.2902346040127372,8,0.5376146233923721,0.2695289267618208
2,double negative T regulatory cell,4.064777101651063,0.043786463482872004,6,0.17002190607710937,0.7694951193540914
2,double negative thymocyte,2.1166742244063035,0.14570263689074006,7,0.3475912579419616,0.4589311547645377
2,"double-positive, alpha-beta thymocyte",5.626853789959485,0.017687349547408197,6,0.09222689406862845,1.035142416880699
2,"effector CD8-positive, alpha-beta T cell",0.6187246930901047,0.431521593079337,9,0.6848060064085131,0.1644324391331323
2,"effector memory CD4-positive, alpha-beta T cell",3.91625449919463,0.047821311760805556,4,0.17720587606795968,0.751521881198522
2,"effector memory CD8-positive, alpha-beta T cell",2.3263799094407513,0.12719737923390634,5,0.3212854150488914,0.49310898906894496
2,"effector memory CD8-positive, alpha-beta T cell, terminally differentiated",2.6993983138458653,0.10038612473602995,6,0.2818533502203918,0.5499767986171405
2,elicited macrophage,0.5343272632914591,0.464793248126137,10,0.7113188074047798,0.1479357083215045
2,endothelial cell,10.052049450660668,0.0015217855092083878,26,0.020336242205947607,1.69172929428416
2,endothelial cell of artery,11.870050085386177,0.00057043878431811,26,0.010677443911595391,1.9715327012355892
2,endothelial cell of lymphatic vessel,1.6287396279071247,0.20187746437294732,15,0.4271610115717436,0.36940839369478023
2,enterocyte,5.322892720090712,0.021047043954271455,3,0.10451933392257252,0.9808033665937075
2,enteroendocrine cell,0.03345393152166648,0.8548732192338395,9,0.9750897656885983,0.010955401789954283
2,ependymal cell,2.1488814861153407,0.14267379629100868,20,0.34148154522110274,0.46663276204162624
2,epithelial cell of proximal tubule,5.472498460071945,0.019317989724605585,7,0.09793147568723665,1.0090777012480738
2,erythrocyte,4.62929463022688,0.03143048292519626,2,0.13990397887434922,0.8541699339813562
2,fibroblast of cardiac tissue,9.633454800564254,0.001910648775917216,29,0.021458055483377966,1.6684096361026628
2,foveolar cell of stomach,4.3408494352091145,0.03720835551822874,2,0.1503211909048318,0.8229797922386367
2,gamma-delta T cell,2.0007966051212267,0.15721656255020766,6,0.36550347344475026,0.43710849150852715
2,goblet cell,0.16481178944820435,0.6847645089623609,14,0.8769791079693393,0.05701075258801434
2,granulocyte,10.97557081619606,0.0009232081425337624,1,0.015244359900314164,1.8168908066280647
2,hematopoietic stem cell,10.238374637746299,0.0013754873557797268,1,0.019309726340753855,1.7142238810389734
2,immature B cell,4.920407471292169,0.026541256646422626,2,0.12185608397414162,0.9141527826841279
2,immature innate lymphoid cell,0.8042136724623844,0.369836529217241,13,0.6213832134551326,0.206640483302284
2,inflammatory macrophage,7.545244730957852,0.006016864954801405,3,0.047013956863316476,1.3277731954914591
2,innate lymphoid cell,3.5684818179148343,0.05888612523632797,5,0.2056788106340642,0.6868104477253492
2,intermediate monocyte,3.946418632033556,0.04697123348373118,5,0.17674742496455545,0.7526469047267104
2,intestine goblet cell,4.055254072257711,0.04403409210679664,2,0.170078768454823,0.7693498975480305
2,keratinocyte,0.4166445169771981,0.5186161315316418,8,0.7617500523502987,0.1181875072589546
2,kidney collecting duct intercalated cell,1.845328605902431,0.17432768407265098,9,0.39521493594110313,0.40316665094111237
2,kidney collecting duct principal cell,0.004269241145275237,0.9479037486038899,18,1.0,-0.0
2,kidney connecting tubule epithelial cell,1.067851157782598,0.3014313232411753,11,0.5425879506088576,0.26552985495737175
2,kidney distal convoluted tubule epithelial cell,1.164481109939424,0.2805381325749429,12,0.5264597346522065,0.2786348394586913
2,kidney interstitial fibroblast,3.920895888545402,0.04768945987390062,24,0.17720587606795968,0.751521881198522
2,kidney loop of Henle thick ascending limb epithelial cell,0.38962242431451155,0.5324979383110244,11,0.7713535587745581,0.11274651244313878
2,kidney loop of Henle thin ascending limb epithelial cell,0.24745611426062789,0.6188720289321102,19,0.8396416767248508,0.0759060127737593
2,kidney loop of Henle thin descending limb epithelial cell,1.101911935877853,0.29384689689528287,22,0.5376146233923721,0.2695289267618208
2,lamp5 GABAergic cortical interneuron,10.942720615103292,0.0009397208157727909,23,0.015244359900314164,1.8168908066280647
2,leukocyte,6.806673166971481,0.009081781249879177,5,0.06015392062406503,1.220736061592505
2,luminal epithelial cell of mammary gland,0.740573673863722,0.38947717188415,10,0.6418021116826851,0.19259885830528736
2,lung macrophage,0.11170553511877579,0.7382107009084828,11,0.8988030019699969,0.046335485722393294
2,lung pericyte,7.618575962799457,0.005777008823560695,23,0.047013956863316476,1.3277731954914591
2,lymphocyte,4.348571145036397,0.03704000993893959,8,0.1503211909048318,0.8229797922386367
2,lymphoid lineage restricted progenitor cell,0.02351423359652248,0.8781273864197474,17,0.9837638021221691,0.007109161475626238
2,macrophage,0.38006427704002216,0.537568838376592,10,0.7719471209653592,0.11241244818693019
2,mast cell,8.18582632344208,0.004221894322816727,2,0.03758515677629525,1.424983633872378
2,mature B cell,1.0281644767809197,0.3105901694850929,7,0.548332181819318,0.2609562644641395
2,mature NK T cell,1.4913414929869158,0.22200843624873923,8,0.4552420181505046,0.34175766003843555
2,mature alpha-beta T cell,1.1580633198646741,0.2818675532232039,8,0.5275661939114129,0.27772304153378063
2,mature gamma-delta T cell,1.4500544881694595,0.22851920962296088,7,0.4614622586870914,0.33586381254530934
2,memory B cell,3.5910296170760505,0.05809224027710347,4,0.2055349719520216,0.6871142719213682
2,memory T cell,2.3156949551817863,0.12807404901264027,6,0.3212854150488914,0.49310898906894496
2,mesothelial cell,12.20024013735412,0.0004778336457933289,30,0.009689404484142503,2.013702914094578
2,microglial cell,1.9671452961412474,0.160751198965572,7,0.3718348056253725,0.4296499604932371
2,monocyte,6.194726016132077,0.01281315588284088,4,0.07604555930466539,1.1189261415818985
2,mucosal invariant T cell,3.7854289050454586,0.05170065853381195,4,0.18785943394673205,0.7261669906025557
2,mucous neck cell,4.543292015858229,0.03304797696390513,3,0.14360132847411158,0.8428415423617736
2,myoepithelial cell of mammary gland,0.005293610335233169,0.9419993290941644,13,1.0,-0.0
2,naive B cell,5.808256446439381,0.015951101379295035,2,0.08820137082998845,1.0545246649898
2,"naive thymus-derived CD4-positive, alpha-beta T cell",2.783321070435216,0.09525046869318056,5,0.27375134703158194,0.5626437351401589
2,"naive thymus-derived CD8-positive, alpha-beta T cell",1.8486081856795773,0.1739453574095267,6,0.39521493594110313,0.40316665094111237
2,nasal mucosa goblet cell,1.063090527552973,0.3025113642435685,6,0.5425879506088576,0.26552985495737175
2,natural killer cell,1.0281644767809197,0.3105901694850929,7,0.548332181819318,0.2609562644641395
2,near-projecting glutamatergic cortical neuron,17.592282627120003,2.73696800735957e-05,25,0.0010742747742004618,2.9688846221220753
2,neuron,16.75345316405886,4.256472821928897e-05,25,0.0015536125800040474,2.8086572708267625
2,neutrophil,1.2899494392080466,0.2560572685760004,9,0.49816141687825105,0.30262991205795303
2,non-classical monocyte,6.5666628523796104,0.010390660467670428,3,0.06483061659315736,1.1882198478752328
2,oligodendrocyte,0.09754753681203072,0.7547927745534384,14,0.9047598118620855,0.04346669839444677
2,oligodendrocyte precursor cell,10.713153574668276,0.0010637656238324748,22,0.016178102195785554,1.7910724255073514
2,pericyte,0.5501326387947462,0.4582635030634381,17,0.7072565692099574,0.15042300999555938
2,plasma cell,4.720204471940753,0.02981019818415215,4,0.1360090292151942,0.8664322592167739
2,plasmablast,1.3894632425516797,0.23849576601234904,5,0.47682278720521526,0.3216429979804723
2,plasmacytoid dendritic cell,0.47508240361979576,0.49065827015912944,9,0.733174614575718,0.13479258045360792
2,platelet,2.960284167919762,0.0853329424832786,4,0.2552993771016122,0.5929502448184
2,pulmonary artery endothelial cell,4.039894040160394,0.044436611712492094,22,0.17073013973746964,0.7676898042149333
2,pvalb GABAergic cortical interneuron,18.0974340584819,2.098840795278406e-05,23,0.0009012669297371979,3.0451465642448987
2,regulatory T cell,3.2000362379515983,0.0736366384876718,5,0.2399765450714304,0.6198312034710344
2,renal interstitial pericyte,4.6808192011921825,0.030501199867806875,24,0.13660046566563816,0.864547820159081
2,respiratory basal cell,1.3707835587247865,0.24167730310401322,9,0.47682278720521526,0.3216429979804723
2,respiratory hillock cell,1.0029558986695752,0.3165963224504676,8,0.5555656619924071,0.2552646046696052
2,retina horizontal cell,0.245931370619299,0.6199546078831433,16,0.8396416767248508,0.0759060127737593
2,retinal cone cell,0.6510565652887096,0.4197351830346684,11,0.6749045894610307,0.17075761857542304
2,retinal ganglion cell,6.01092988486202,0.014217533235626072,24,0.08172282883470104,1.0876566086813233
2,retinal rod cell,0.021946897116002954,0.8822284533214722,14,0.9847504142579123,0.0066738278228190215
2,smooth muscle cell,4.272367019115046,0.038736934429430984,21,0.15537341831584955,0.8086232793974107
2,sncg GABAergic cortical interneuron,15.990564590429782,6.365896194438784e-05,23,0.00211232010088196,2.6752402681871073
2,sst GABAergic cortical interneuron,9.648787980041085,0.001894765615637859,20,0.021458055483377966,1.6684096361026628
2,tracheal goblet cell,0.0,1.0,8,1.0,-0.0
2,tracheobronchial smooth muscle cell,0.6515067808026549,0.41957448073736736,17,0.6749045894610307,0.17075761857542304
2,transitional stage B cell,6.033342847917427,0.014038123103113307,2,0.08133198305771995,1.0897386384889138
2,type I pneumocyte,0.5404336667763302,0.4622530564458802,19,0.7113188074047798,0.1479357083215045
2,type II pneumocyte,0.8860096455818305,0.3465609517919136,18,0.5952534083326505,0.22529810921023105
2,vascular associated smooth muscle cell,1.026543225425623,0.31097194968931186,16,0.548332181819318,0.2609562644641395
2,vein endothelial cell,9.778972450801247,0.001765189344147389,25,0.021458055483377966,1.6684096361026628
2,vip GABAergic cortical interneuron,19.389554980667203,1.0658843310597613e-05,25,0.0006484129680613548,3.188148307979648
3,B cell,1.5556544010466709,0.21230263557907064,6,0.4377992202619253,0.3587250162633926
3,Bergmann glial cell,1.1147099465128238,0.2910603975393097,17,0.5376146233923721,0.2695289267618208
3,CD1c-positive myeloid dendritic cell,0.0,1.0,11,1.0,-0.0
3,CD4-positive helper T cell,0.6187246930901047,0.431521593079337,9,0.6848060064085131,0.1644324391331323
3,"CD4-positive, alpha-beta T cell",0.5899271169504006,0.4424473035237091,8,0.6901421614792898,0.16106144029652325
3,"CD4-positive, alpha-beta cytotoxic T cell",0.39016462272826846,0.5322128817578987,8,0.7713535587745581,0.11274651244313878
3,"CD4-positive, alpha-beta memory T cell",0.33937686420016216,0.5601891287083897,8,0.7864193537637009,0.10434580706636816
3,"CD8-alpha-alpha-positive, alpha-beta intraepithelial T cell",2.415194328215155,0.12016305761435832,9,0.31295506570666515,0.5045180142635973
3,"CD8-positive, alpha-beta T cell",1.7732445415056648,0.18298105067147616,7,0.4047762636065988,0.3927849627861432
3,"CD8-positive, alpha-beta cytotoxic T cell",0.03502004438955342,0.8515536636556316,10,0.9743482358442179,0.01128579684212814
3,"CD8-positive, alpha-beta memory T cell",0.6210969747532357,0.43063993521920774,8,0.6848060064085131,0.1644324391331323
3,"CD14-low, CD16-positive monocyte",0.12702754527284071,0.7215341117397002,10,0.8912350280371931,0.05000775284324318
3,CD14-positive monocyte,0.0018769996851409178,0.9654429774333815,11,1.0,-0.0
3,"CD14-positive, CD16-negative classical monocyte",0.016552033077819803,0.8976308777501127,11,0.9913321342777341,0.00378081582983848
3,"CD14-positive, CD16-positive monocyte",0.02736764694136492,0.8686042054235352,10,0.9785201696900937,0.009430218043966179
3,"CD16-negative, CD56-bright natural killer cell, human",0.8741342719691795,0.3498133043489138,7,0.5952534083326505,0.22529810921023105
3,"CD16-positive, CD56-dim natural killer cell, human",0.0,1.0,12,1.0,-0.0
3,IgA plasma cell,0.0,1.0,5,1.0,-0.0
3,IgG plasma cell,0.3274332369059844,0.5671744143484836,5,0.7936580575280282,0.10036657026188454
3,L2/3-6 intratelencephalic projecting glutamatergic cortical neuron,1.3717492806184899,0.24151156036172583,15,0.47682278720521526,0.3216429979804723
3,L6b glutamatergic cortical neuron,0.8067586923465987,0.3690802827939107,14,0.6213832134551326,0.206640483302284
3,Schwann cell,8.466890286077248,0.0036166920465850894,26,0.033916660785921135,1.4695869121238954
3,T cell,1.7257853589500973,0.18895004233105062,7,0.4092983112809108,0.38796004720152955
3,T follicular helper cell,0.2575380292469031,0.6118166291937988,9,0.8332577225960319,0.07922065262656733
3,T-helper 22 cell,0.07441271232728124,0.7850170025878966,8,0.9272854561313343,0.03278655178981434
3,"activated CD4-positive, alpha-beta T cell",6.806673166971481,0.009081781249879177,5,0.06015392062406503,1.220736061592505
3,"activated CD8-positive, alpha-beta T cell",6.702659812224309,0.009626919522975643,4,0.06219160399798424,1.2062682420530102
3,alpha-beta T cell,3.3339704664852277,0.06786286508885456,6,0.22807961500040558,0.6419135287893563
3,alternatively activated macrophage,0.0,1.0,11,1.0,-0.0
3,alveolar macrophage,0.0,1.0,12,1.0,-0.0
3,alveolar type 1 fibroblast cell,6.510649437230866,0.01072303386665893,24,0.0660707895737106,1.1799905031590407
3,alveolar type 2 fibroblast cell,21.916249954690215,2.8481193505677196e-06,31,0.0002598908907393044,3.5852089423958127
3,amacrine cell,0.8884598313032516,0.34589502050726406,19,0.5952534083326505,0.22529810921023105
3,astrocyte,1.7679967797259906,0.18363018773642126,18,0.404985006186065,0.39256105543025865
3,astrocyte of the cerebral cortex,0.026377223609630535,0.8709824740860753,14,0.9796875286330278,0.008912420460178549
3,basal cell,4.067452241743804,0.04371716539414881,21,0.17002190607710937,0.7694951193540914
3,blood vessel endothelial cell,10.544480371358548,0.0011653558082258344,23,0.017014194800097183,1.7691885991481986
3,bronchus fibroblast of lung,31.692854157388354,1.8058543260993635e-08,30,6.591368290262677e-06,5.181024421638501
3,capillary endothelial cell,12.575363649976152,0.0003908651814472052,28,0.008152330927327422,2.0887181993407906
3,caudal ganglionic eminence derived GABAergic cortical interneuron,1.5617690663761992,0.2114063828355117,15,0.4377992202619253,0.3587250162633926
3,"central memory CD4-positive, alpha-beta T cell",0.16727850322212914,0.6825419011272653,8,0.8769791079693393,0.05701075258801434
3,"central memory CD8-positive, alpha-beta T cell",0.2688318721607235,0.6041164407217021,8,0.8317910278978967,0.07998576845707871
3,central nervous system macrophage,0.683621195147438,0.4083425606446631,12,0.663673423211852,0.1780455733230603
3,chandelier pvalb GABAergic cortical interneuron,7.577572811816861,0.005909896479561253,17,0.047013956863316476,1.3277731954914591
3,ciliated columnar cell of tracheobronchial tree,0.01832915210523761,0.8923073258846443,12,0.9899458174708061,0.004388574914971791
3,class switched memory B cell,0.0010640499287548162,0.9739777975126667,8,1.0,-0.0
3,classical monocyte,0.0,1.0,12,1.0,-0.0
3,club cell,0.3858609441299966,0.5344831290128017,7,0.7719471209653592,0.11241244818693019
3,conventional dendritic cell,1.5556544010466709,0.21230263557907064,6,0.4377992202619253,0.3587250162633926
3,corticothalamic-projecting glutamatergic cortical neuron,0.5205775147008345,0.4705954345957142,13,0.7156972234476486,0.14527066763124982
3,dendritic cell,0.032759585942705054,0.8563706421358266,13,0.9752738982202082,0.010873398885435068
3,double negative T regulatory cell,0.30123214367854684,0.5831110065307908,11,0.8108019709856711,0.0910852042474546
3,double negative thymocyte,0.7120402789778896,0.39876731969831725,9,0.6497771057584187,0.18723559464992653
3,"double-positive, alpha-beta thymocyte",3.2982572849330527,0.06935342602281061,8,0.22908597736041517,0.6400014937061786
3,"effector CD8-positive, alpha-beta T cell",0.02911511893787529,0.8645135043466546,11,0.9769270250356933,0.010137876207512967
3,"effector memory CD4-positive, alpha-beta T cell",0.44383090890915033,0.505279210796761,8,0.7466676596794241,0.1268726588055788
3,"effector memory CD8-positive, alpha-beta T cell",2.3263799094407513,0.12719737923390634,5,0.3212854150488914,0.49310898906894496
3,"effector memory CD8-positive, alpha-beta T cell, terminally differentiated",1.0409712666454267,0.30759568854643365,8,0.5476703722899916,0.26148075277032645
3,elicited macrophage,1.1147099465128238,0.2910603975393097,17,0.5376146233923721,0.2695289267618208
3,endothelial cell,18.549303938417243,1.6556567696708705e-05,30,0.0008258240614073254,3.0831124675690984
3,endothelial cell of artery,26.92947398323884,2.110162544855151e-07,32,3.0808373154885207e-05,4.511331234124157
3,endothelial cell of lymphatic vessel,8.480220191965119,0.00359028643671586,20,0.033916660785921135,1.4695869121238954
3,enterocyte,1.7492168453921206,0.185975216100658,6,0.40862117423187033,0.38867913253030395
3,enteroendocrine cell,0.2384051579249809,0.6253603739872663,12,0.8453945796494526,0.07294054103015969
3,ependymal cell,0.0,1.0,14,1.0,-0.0
3,epithelial cell of proximal tubule,1.6004492125570975,0.20583956238544632,11,0.43303423787140005,0.36347776477646365
3,erythrocyte,1.1115136763240483,0.2917531454695458,5,0.5376146233923721,0.2695289267618208
3,fibroblast of cardiac tissue,9.633454800564254,0.001910648775917216,29,0.021458055483377966,1.6684096361026628
3,foveolar cell of stomach,4.3408494352091145,0.03720835551822874,2,0.1503211909048318,0.8229797922386367
3,gamma-delta T cell,1.1908945562820517,0.2751491879390905,7,0.5246890347585371,0.2800980118329564
3,goblet cell,0.01844773925349578,0.891961639120097,15,0.9899458174708061,0.004388574914971791
3,granulocyte,5.7655518284287695,0.01634335172649601,4,0.08837516118771918,1.0536697810833253
3,hematopoietic stem cell,6.641142615746239,0.009965000132323152,3,0.06283926700982842,1.2017688894411573
3,immature B cell,0.6048096237859928,0.4367487985431463,6,0.6901421614792898,0.16106144029652325
3,immature innate lymphoid cell,0.13673944687414033,0.711544203226958,15,0.8879098604370587,0.051631121047754656
3,inflammatory macrophage,0.4042459867739786,0.5249045591665231,10,0.7678964492816871,0.11469734056435314
3,innate lymphoid cell,0.09909588386865606,0.7529173181397104,10,0.9045952961540656,0.043545674891718976
3,intermediate monocyte,0.1921117143150797,0.6611648370117061,10,0.864964750929293,0.06300159055694507
3,intestine goblet cell,2.6759099797930106,0.10187707891534244,3,0.2840953979098685,0.5465358014003923
3,keratinocyte,0.00016751272537193266,0.9896735311600792,11,1.0,-0.0
3,kidney collecting duct intercalated cell,0.6224590318434975,0.4301349595856011,11,0.6848060064085131,0.1644324391331323
3,kidney collecting duct principal cell,0.10655383271008394,0.7441021855116696,19,0.90082022458295,0.04536187190861089
3,kidney connecting tubule epithelial cell,0.5732325872878257,0.44897722409031504,12,0.6988344852578465,0.15562567210974773
3,kidney distal convoluted tubule epithelial cell,1.8092942580822986,0.17859291345256867,11,0.40001586644414794,0.39792278224083594
3,kidney interstitial fibroblast,1.3756095719732606,0.2408504148888755,21,0.47682278720521526,0.3216429979804723
3,kidney loop of Henle thick ascending limb epithelial cell,0.0018353958460755656,0.96582786608773,13,1.0,-0.0
3,kidney loop of Henle thin ascending limb epithelial cell,0.24745611426062789,0.6188720289321102,19,0.8396416767248508,0.0759060127737593
3,kidney loop of Henle thin descending limb epithelial cell,0.6241704049232978,0.4295017460967765,21,0.6848060064085131,0.1644324391331323
3,lamp5 GABAergic cortical interneuron,1.287077387198879,0.25658725033729096,16,0.49816141687825105,0.30262991205795303
3,leukocyte,3.131567085014409,0.07678989301766181,8,0.24162337027109104,0.6168610622325437
3,luminal epithelial cell of mammary gland,0.3638530085595343,0.5463741212138995,16,0.7774914395441455,0.10930438401071595
3,lung macrophage,0.7605492937113407,0.38315667724916813,16,0.6330710239732752,0.19854756393311915
3,lung pericyte,7.618575962799457,0.005777008823560695,23,0.047013956863316476,1.3277731954914591
3,lymphocyte,2.400149232325162,0.1213236761575154,10,0.31295506570666515,0.5045180142635973
3,lymphoid lineage restricted progenitor cell,0.17979883872947516,0.6715461723606277,18,0.8754084032558184,0.05778928880570607
3,macrophage,0.0844329985285906,0.7713774777406743,14,0.9171100305385868,0.037578556599242204
3,mast cell,1.6787449176138802,0.19509130693318782,7,0.4182327945742779,0.3785819161758378
3,mature B cell,0.0,1.0,11,1.0,-0.0
3,mature NK T cell,0.38006427704002216,0.537568838376592,10,0.7719471209653592,0.11241244818693019
3,mature alpha-beta T cell,0.025316701681029386,0.8735804529608181,13,0.9810980471713803,0.00828758872839225
3,mature gamma-delta T cell,0.06325528627601312,0.8014228958914413,10,0.9367900556332479,0.028357728104917348
3,memory B cell,0.05194640362501653,0.8197103490250272,9,0.9478223024744199,0.02327307646842033
3,memory T cell,1.4500544881694595,0.22851920962296088,7,0.4614622586870914,0.33586381254530934
3,mesothelial cell,7.246111802188715,0.007105470464089558,27,0.05347415916273584,1.271856035627028
3,microglial cell,0.018864467698853186,0.8907557469469458,13,0.9899458174708061,0.004388574914971791
3,monocyte,0.15514755876628408,0.6936639156658646,11,0.8821858160907338,0.054439929150046855
3,mucosal invariant T cell,2.609424442135069,0.10623031120001777,5,0.2872152858370851,0.5417924503000733
3,mucous neck cell,0.5948130530013829,0.44056395302458407,7,0.6901421614792898,0.16106144029652325
3,myoepithelial cell of mammary gland,0.9787920410925341,0.32249721381494334,16,0.5632128375237049,0.24932745471437057
3,naive B cell,0.47103569667689005,0.49251108514834874,7,0.7337410044046828,0.13445721012096382
3,"naive thymus-derived CD4-positive, alpha-beta T cell",0.12934099156043222,0.7191163022126232,9,0.8912350280371931,0.05000775284324318
3,"naive thymus-derived CD8-positive, alpha-beta T cell",0.500272705809259,0.47938032213110704,8,0.7215415157849653,0.14173867557865266
3,nasal mucosa goblet cell,0.0,1.0,9,1.0,-0.0
3,natural killer cell,0.12934099156043222,0.7191163022126232,9,0.8912350280371931,0.05000775284324318
3,near-projecting glutamatergic cortical neuron,2.735206778635019,0.09815879535312531,17,0.27773612638674994,0.5563676259394397
3,neuron,2.4784271280669548,0.11541762260945995,17,0.30416918593828796,0.516884784546002
3,neutrophil,0.0,1.0,13,1.0,-0.0
3,non-classical monocyte,0.14216487380075865,0.7061382498279529,10,0.8872305032261715,0.0519635354397354
3,oligodendrocyte,1.448089791381804,0.2288347091023659,8,0.4614622586870914,0.33586381254530934
3,oligodendrocyte precursor cell,1.0894005445807948,0.296604066965272,15,0.5413024222116214,0.26656002953042857
3,pericyte,2.5781605806568644,0.10834750192728233,20,0.28866305257998576,0.5396088000731988
3,plasma cell,0.8208622873827698,0.3649281738655836,8,0.6166610345413798,0.20995349282276232
3,plasmablast,0.06294040526014602,0.8019074565011663,10,0.9367900556332479,0.028357728104917348
3,plasmacytoid dendritic cell,0.14216487380075865,0.7061382498279529,10,0.8872305032261715,0.0519635354397354
3,platelet,1.063090527552973,0.3025113642435685,6,0.5425879506088576,0.26552985495737175
3,pulmonary artery endothelial cell,9.88359720151409,0.0016675861304547904,26,0.021237334589426064,1.6728999906857829
3,pvalb GABAergic cortical interneuron,2.4077659946468684,0.12073455459244635,15,0.31295506570666515,0.5045180142635973
3,regulatory T cell,0.2575380292469031,0.6118166291937988,9,0.8332577225960319,0.07922065262656733
3,renal interstitial pericyte,8.902896104753692,0.0028471872805802866,27,0.029692095926051564,1.5273591450448691
3,respiratory basal cell,0.08681031316741204,0.7682720351922686,12,0.9151362326453416,0.038514249450410355
3,respiratory hillock cell,0.0,1.0,12,1.0,-0.0
3,retina horizontal cell,0.9038134565480964,0.3417612371308698,10,0.5926026202031709,0.2272364326108397
3,retinal cone cell,1.1902355152488113,0.2752820552226298,10,0.5246890347585371,0.2800980118329564
3,retinal ganglion cell,1.1020957487696126,0.29380663470603785,19,0.5376146233923721,0.2695289267618208
3,retinal rod cell,0.18159455266236052,0.6700064733164814,13,0.8749637308068541,0.05800994907701181
3,smooth muscle cell,7.035638332577966,0.007990338871284558,23,0.05718575858860517,1.242712113452856
3,sncg GABAergic cortical interneuron,5.511167288427156,0.01889543207580736,18,0.09645919870866694,1.0156563501048863
3,sst GABAergic cortical interneuron,0.19264719855429563,0.6607224494947539,12,0.864964750929293,0.06300159055694507
3,tracheal goblet cell,0.5569078732731612,0.45550879721206117,11,0.7059902801800524,0.15120127811707249
3,tracheobronchial smooth muscle cell,1.2037525941526475,0.2725729435967312,18,0.5246890347585371,0.2800980118329564
3,transitional stage B cell,0.16727850322212914,0.6825419011272653,8,0.8769791079693393,0.05701075258801434
3,type I pneumocyte,3.3204311030794327,0.06842388450012167,23,0.22807961500040558,0.6419135287893563
3,type II pneumocyte,0.43021326216157313,0.5118843223105514,17,0.7533781356586744,0.12298698792963952
3,vascular associated smooth muscle cell,1.7411389864598854,0.1869945743243311,17,0.40862117423187033,0.38867913253030395
3,vein endothelial cell,18.37941885425653,1.81002534007085e-05,29,0.0008258240614073254,3.0831124675690984
3,vip GABAergic cortical interneuron,4.583277590804105,0.03228540407010691,18,0.14112781419867093,0.850387384809984
4,B cell,0.006746574632890442,0.9345373454489245,11,1.0,-0.0
4,Bergmann glial cell,0.0,1.0,13,1.0,-0.0
4,CD1c-positive myeloid dendritic cell,2.076569895819989,0.14957596892133493,16,0.35566924206050327,0.4489536905661883
4,CD4-positive helper T cell,2.8131525698746684,0.0934944790248737,18,0.26976667860931935,0.5690116951007614
4,"CD4-positive, alpha-beta T cell",0.7191090629049991,0.3964363082337249,14,0.6474239485696178,0.18881123984344303
4,"CD4-positive, alpha-beta cytotoxic T cell",4.069664612688815,0.04365994227413576,17,0.17002190607710937,0.7694951193540914
4,"CD4-positive, alpha-beta memory T cell",1.1646397289305523,0.2805053756477853,14,0.5264597346522065,0.2786348394586913
4,"CD8-alpha-alpha-positive, alpha-beta intraepithelial T cell",3.149933305673069,0.07593006639440814,22,0.24162337027109104,0.6168610622325437
4,"CD8-positive, alpha-beta T cell",5.7820780768603095,0.016190388618107468,20,0.08820137082998845,1.0545246649898
4,"CD8-positive, alpha-beta cytotoxic T cell",1.1973743742354508,0.2738470884836113,15,0.5246890347585371,0.2800980118329564
4,"CD8-positive, alpha-beta memory T cell",4.461136655837465,0.03467441709415382,18,0.14889602634548407,0.8271168923032758
4,"CD14-low, CD16-positive monocyte",0.33970877629871127,0.559997369996813,14,0.7864193537637009,0.10434580706636816
4,CD14-positive monocyte,2.316788610691492,0.12798400949374275,17,0.3212854150488914,0.49310898906894496
4,"CD14-positive, CD16-negative classical monocyte",2.0152621384236973,0.15572437284043805,17,0.3643551031202557,0.4384751434125596
4,"CD14-positive, CD16-positive monocyte",3.105783602532994,0.07801468032037791,17,0.24337913091399943,0.6137166640577163
4,"CD16-negative, CD56-bright natural killer cell, human",1.1083941363011733,0.2924312942076188,14,0.5376146233923721,0.2695289267618208
4,"CD16-positive, CD56-dim natural killer cell, human",0.7600544068320354,0.3833114967071063,15,0.6330710239732752,0.19854756393311915
4,IgA plasma cell,7.534202761735511,0.006053851979659929,11,0.047013956863316476,1.3277731954914591
4,IgG plasma cell,2.0503325147349276,0.15217295151222626,11,0.3583427567868554,0.4457013695376577
4,L2/3-6 intratelencephalic projecting glutamatergic cortical neuron,0.0,1.0,11,1.0,-0.0
4,L6b glutamatergic cortical neuron,0.06142985276463426,0.8042501077530223,12,0.9367900556332479,0.028357728104917348
4,Schwann cell,2.3658014778737266,0.12402020302941996,9,0.3176657831981634,0.4980295619072419
4,T cell,3.2705091915282893,0.07053572717989437,18,0.23090170780862282,0.6365728549168723
4,T follicular helper cell,0.017744686459733334,0.8940279485169852,12,0.9903496243056134,0.004211458835378192
4,T-helper 22 cell,4.691313228478332,0.030315469690274936,16,0.13660046566563816,0.864547820159081
4,"activated CD4-positive, alpha-beta T cell",10.669349401312093,0.0010892542279081873,27,0.016227665028019932,1.7897439655957612
4,"activated CD8-positive, alpha-beta T cell",15.07524756094959,0.00010330910237637334,27,0.003278941075424023,2.484266387797891
4,alpha-beta T cell,4.4297948049778,0.03531675355105424,20,0.1498908726294744,0.824224812030579
4,alternatively activated macrophage,2.153976300415814,0.14220119121595035,16,0.3414699657488281,0.4666474890049082
4,alveolar macrophage,0.2189525548185693,0.6398391805594117,14,0.8558802559179288,0.06758699213570109
4,alveolar type 1 fibroblast cell,0.3268499401575929,0.5675198712734667,17,0.7936580575280282,0.10036657026188454
4,alveolar type 2 fibroblast cell,0.4586050755982595,0.49827661546032964,17,0.7378132439879121,0.13205355331191926
4,amacrine cell,0.012178843603660236,0.9121256208671256,16,1.0,-0.0
4,astrocyte,0.19227081779796765,0.6610333178184618,15,0.864964750929293,0.06300159055694507
4,astrocyte of the cerebral cortex,0.2117900465123592,0.6453679872378733,15,0.8565793285157227,0.06723241046697553
4,basal cell,2.056538978902366,0.1515540574440044,19,0.35804032988389395,0.44606805140210026
4,blood vessel endothelial cell,1.9442341326714714,0.16320953515337944,17,0.37584530177276654,0.4249908742509716
4,bronchus fibroblast of lung,1.5231429707973472,0.21714448697638705,16,0.4465224661767959,0.350156685283488
4,capillary endothelial cell,3.4875653649791176,0.06183145634240234,22,0.213919256540065,0.6697501194365615
4,caudal ganglionic eminence derived GABAergic cortical interneuron,0.3568531461575698,0.5502591330647093,13,0.7814964341191397,0.10707299927744161
4,"central memory CD4-positive, alpha-beta T cell",3.918449570376756,0.04775890664056637,16,0.17720587606795968,0.751521881198522
4,"central memory CD8-positive, alpha-beta T cell",6.258915698586353,0.012356981170200445,18,0.0739393135593961,1.131124585663781
4,central nervous system macrophage,1.1903131303227223,0.2752664032952682,20,0.5246890347585371,0.2800980118329564
4,chandelier pvalb GABAergic cortical interneuron,0.2152383240712687,0.6426922775186015,7,0.8561411726068962,0.06745461683099487
4,ciliated columnar cell of tracheobronchial tree,1.8322170236105597,0.17586590602132374,18,0.39746783713797623,0.4006980084380298
4,class switched memory B cell,1.1065137729135137,0.29284103436173536,12,0.5376146233923721,0.2695289267618208
4,classical monocyte,1.026543225425623,0.31097194968931186,16,0.548332181819318,0.2609562644641395
4,club cell,0.5965761895127191,0.4398873547247466,12,0.6901421614792898,0.16106144029652325
4,conventional dendritic cell,1.1646397289305523,0.2805053756477853,14,0.5264597346522065,0.2786348394586913
4,corticothalamic-projecting glutamatergic cortical neuron,0.5205775147008345,0.4705954345957142,13,0.7156972234476486,0.14527066763124982
4,dendritic cell,2.990305861799308,0.08376434563747037,18,0.2531293697120434,0.5966574622543022
4,double negative T regulatory cell,1.4686857583661006,0.22555316593775285,18,0.45992684674457984,0.33731123914800687
4,double negative thymocyte,1.6766793178782917,0.19536627801346407,17,0.4182327945742779,0.3785819161758378
4,"double-positive, alpha-beta thymocyte",5.540391360815498,0.018582426597042786,24,0.0962068894740513,1.0167938265751926
4,"effector CD8-positive, alpha-beta T cell",2.8131525698746684,0.0934944790248737,18,0.26976667860931935,0.5690116951007614
4,"effector memory CD4-positive, alpha-beta T cell",6.841676986287388,0.00890551987475457,19,0.06015392062406503,1.220736061592505
4,"effector memory CD8-positive, alpha-beta T cell",3.3511360414573237,0.06715864967790433,16,0.22697136233736184,0.6440289355973776
4,"effector memory CD8-positive, alpha-beta T cell, terminally differentiated",11.14659765399812,0.0008418593626234774,23,0.014292031039886941,1.8449060492540241
4,elicited macrophage,3.7993254320010386,0.051273235565384365,20,0.18785943394673205,0.7261669906025557
4,endothelial cell,0.3765186990329698,0.5394722837730401,17,0.7721858179496457,0.11227817893933403
4,endothelial cell of artery,0.11123523829249167,0.7387421933999974,12,0.8988030019699969,0.046335485722393294
4,endothelial cell of lymphatic vessel,3.7270820222049665,0.05353684393350372,17,0.19064339547052545,0.7197782355536453
4,enterocyte,3.8388043361726627,0.0500792215414207,17,0.18463551376382378,0.733684760795192
4,enteroendocrine cell,1.3442991945702,0.24627721727338797,14,0.4832859371225086,0.31579584197875193
4,ependymal cell,0.0020624688263120167,0.9637769936461591,15,1.0,-0.0
4,epithelial cell of proximal tubule,7.6360673101331145,0.005721252097017291,27,0.047013956863316476,1.3277731954914591
4,erythrocyte,0.0018500826608962996,0.9656914999755848,9,1.0,-0.0
4,fibroblast of cardiac tissue,2.745472796446073,0.09753022533475159,10,0.27773612638674994,0.5563676259394397
4,foveolar cell of stomach,4.020793018032871,0.0449425766685597,14,0.17177005742433812,0.7650525391585785
4,gamma-delta T cell,4.583277590804105,0.03228540407010691,18,0.14112781419867093,0.850387384809984
4,goblet cell,0.16481178944820435,0.6847645089623609,14,0.8769791079693393,0.05701075258801434
4,granulocyte,7.648638023609483,0.005681519989804447,22,0.047013956863316476,1.3277731954914591
4,hematopoietic stem cell,2.162482977042159,0.14141601272585122,17,0.3407052451810937,0.4676211803867136
4,immature B cell,0.0032997018753906228,0.9541922853397155,8,1.0,-0.0
4,immature innate lymphoid cell,0.011296427465468214,0.9153565077396261,16,1.0,-0.0
4,inflammatory macrophage,2.176374512135649,0.14014425501621985,18,0.3407052451810937,0.4676211803867136
4,innate lymphoid cell,0.8922749721155566,0.34486155579939637,15,0.5951511483062869,0.22537272412165854
4,intermediate monocyte,2.0152621384236973,0.15572437284043805,17,0.3643551031202557,0.4384751434125596
4,intestine goblet cell,0.399235215797361,0.5274844877471494,10,0.7701273521108382,0.11343745178113693
4,keratinocyte,3.952982519548127,0.04678837173966882,17,0.17674742496455545,0.7526469047267104
4,kidney collecting duct intercalated cell,0.0042564230313601285,0.9479819041029103,15,1.0,-0.0
4,kidney collecting duct principal cell,0.038316882197088786,0.844808206901094,16,0.9711968362799979,0.012692741001495896
4,kidney connecting tubule epithelial cell,0.005129641740922443,0.9429031157164416,16,1.0,-0.0
4,kidney distal convoluted tubule epithelial cell,0.06291714638582785,0.8019432999101733,18,0.9367900556332479,0.028357728104917348
4,kidney interstitial fibroblast,0.029781030062604522,0.8629880107293413,15,0.9769270250356933,0.010137876207512967
4,kidney loop of Henle thick ascending limb epithelial cell,0.0018353958460755656,0.96582786608773,13,1.0,-0.0
4,kidney loop of Henle thin ascending limb epithelial cell,0.08940286892344693,0.7649376609580523,15,0.9151362326453416,0.038514249450410355
4,kidney loop of Henle thin descending limb epithelial cell,0.06183027100025682,0.8036261640431597,16,0.9367900556332479,0.028357728104917348
4,lamp5 GABAergic cortical interneuron,1.0794995247484063,0.2988095426926486,8,0.5425879506088576,0.26552985495737175
4,leukocyte,1.7107191137066726,0.19089209575439609,20,0.41228174526837025,0.384805894169601
4,luminal epithelial cell of mammary gland,0.8027370366018608,0.37027629842874343,17,0.6213832134551326,0.206640483302284
4,lung macrophage,1.3775116246628263,0.24052546329458435,17,0.47682278720521526,0.3216429979804723
4,lung pericyte,0.1563243576222832,0.6925633877033051,15,0.8821858160907338,0.054439929150046855
4,lymphocyte,0.10695713059942458,0.7436353547428083,18,0.90082022458295,0.04536187190861089
4,lymphoid lineage restricted progenitor cell,0.15056209545029964,0.6979987775088116,14,0.8830833753577685,0.05399829104483974
4,macrophage,5.793954560576825,0.016081374634110905,21,0.08820137082998845,1.0545246649898
4,mast cell,6.058267048451182,0.01384134428690043,20,0.08124695664681977,1.0901928978721245
4,mature B cell,0.0010541646128666043,0.9740989136031906,10,1.0,-0.0
4,mature NK T cell,2.2499891119433126,0.1336153426713616,18,0.32952432483139854,0.4821125211302806
4,mature alpha-beta T cell,2.9007859981025335,0.08853637176749599,18,0.2606110943156132,0.5840071001449478
4,mature gamma-delta T cell,2.735206778635019,0.09815879535312531,17,0.27773612638674994,0.5563676259394397
4,memory B cell,0.19264719855429563,0.6607224494947539,12,0.864964750929293,0.06300159055694507
4,memory T cell,6.793957472887472,0.00914669204009756,20,0.06015392062406503,1.220736061592505
4,mesothelial cell,0.2623851318428009,0.6084862522124779,14,0.8332577225960319,0.07922065262656733
4,microglial cell,1.8748894349900485,0.17091613544035755,17,0.3911246986566176,0.40768475844931323
4,monocyte,1.965196712379867,0.16095862818851742,18,0.3718348056253725,0.4296499604932371
4,mucosal invariant T cell,2.8462875318378655,0.09158520069764807,16,0.26850279722603654,0.5710511855193442
4,mucous neck cell,2.589561616410314,0.10757010505213854,15,0.28866305257998576,0.5396088000731988
4,myoepithelial cell of mammary gland,6.335167424354609,0.011836694248477088,21,0.07141146116849813,1.1462320806218607
4,naive B cell,0.47976296855463463,0.48852970174046473,12,0.7322929820750292,0.13531512790151257
4,"naive thymus-derived CD4-positive, alpha-beta T cell",1.6287396279071247,0.20187746437294732,15,0.4271610115717436,0.36940839369478023
4,"naive thymus-derived CD8-positive, alpha-beta T cell",2.4833834514966324,0.11505450849681725,16,0.30416918593828796,0.516884784546002
4,nasal mucosa goblet cell,1.0761814353695898,0.299553368231412,13,0.5425879506088576,0.26552985495737175
4,natural killer cell,0.9006933464208822,0.34259586751745214,14,0.592642140492275,0.22720747075577535
4,near-projecting glutamatergic cortical neuron,0.0,1.0,11,1.0,-0.0
4,neuron,2.9733942732454783e-09,0.999956492281334,12,1.0,-0.0
4,neutrophil,1.4686857583661006,0.22555316593775285,18,0.45992684674457984,0.33731123914800687
4,non-classical monocyte,0.7600544068320354,0.3833114967071063,15,0.6330710239732752,0.19854756393311915
4,oligodendrocyte,0.37879644940638624,0.5382480610566682,15,0.7719471209653592,0.11241244818693019
4,oligodendrocyte precursor cell,0.0,1.0,11,1.0,-0.0
4,pericyte,2.5781605806568644,0.10834750192728233,20,0.28866305257998576,0.5396088000731988
4,plasma cell,2.6476587435065144,0.10370252836546844,17,0.2840953979098685,0.5465358014003923
4,plasmablast,2.8241255666457654,0.09285745322244007,14,0.26976667860931935,0.5690116951007614
4,plasmacytoid dendritic cell,0.7600544068320354,0.3833114967071063,15,0.6330710239732752,0.19854756393311915
4,platelet,7.62369366251748,0.0057606381404464715,18,0.047013956863316476,1.3277731954914591
4,pulmonary artery endothelial cell,0.0,1.0,14,1.0,-0.0
4,pvalb GABAergic cortical interneuron,0.22572933748913432,0.6347087021777804,8,0.8548659641877855,0.06810197366584259
4,regulatory T cell,1.1973743742354508,0.2738470884836113,15,0.5246890347585371,0.2800980118329564
4,renal interstitial pericyte,0.27354576887095566,0.6009630972691817,18,0.8293063535094569,0.08128500737358371
4,respiratory basal cell,8.514624208002243,0.0035230366888761673,24,0.033916660785921135,1.4695869121238954
4,respiratory hillock cell,5.918925540812838,0.014979090513673302,20,0.08529507848352103,1.0690760268525443
4,retina horizontal cell,1.1546726812045918,0.28257312577994853,18,0.5275661939114129,0.27772304153378063
4,retinal cone cell,1.1902355152488113,0.2752820552226298,10,0.5246890347585371,0.2800980118329564
4,retinal ganglion cell,2.593943460424123,0.10727295316504741,21,0.28866305257998576,0.5396088000731988
4,retinal rod cell,0.021946897116002954,0.8822284533214722,14,0.9847504142579123,0.0066738278228190215
4,smooth muscle cell,1.413030451678575,0.23455397179022464,18,0.47169256034948753,0.3263409734991461
4,sncg GABAergic cortical interneuron,0.39016462272826846,0.5322128817578987,8,0.7713535587745581,0.11274651244313878
4,sst GABAergic cortical interneuron,0.3150961662267397,0.5745696814062957,8,0.8019806260546766,0.09583612311131896
4,tracheal goblet cell,0.5569078732731612,0.45550879721206117,11,0.7059902801800524,0.15120127811707249
4,tracheobronchial smooth muscle cell,0.26745736613832843,0.6050425148134015,16,0.8317910278978967,0.07998576845707871
4,transitional stage B cell,0.0,1.0,10,1.0,-0.0
4,type I pneumocyte,0.12384848758135375,0.7248974059476603,14,0.8923694879288229,0.049455287615771934
4,type II pneumocyte,0.13729398716244257,0.7109861137510838,16,0.8879098604370587,0.051631121047754656
4,vascular associated smooth muscle cell,3.7333867208935634,0.053335148272745256,19,0.19064339547052545,0.7197782355536453
4,vein endothelial cell,0.051604350159668015,0.8202947355039947,15,0.9478223024744199,0.02327307646842033
4,vip GABAergic cortical interneuron,0.5899271169504006,0.4424473035237091,8,0.6901421614792898,0.16106144029652325
5,B cell,0.0,1.0,10,1.0,-0.0
5,Bergmann glial cell,0.5343272632914591,0.464793248126137,10,0.7113188074047798,0.1479357083215045
5,CD1c-positive myeloid dendritic cell,4.341455061558426,0.03719512298209474,18,0.1503211909048318,0.8229797922386367
5,CD4-positive helper T cell,0.6187246930901047,0.431521593079337,9,0.6848060064085131,0.1644324391331323
5,"CD4-positive, alpha-beta T cell",0.5899271169504006,0.4424473035237091,8,0.6901421614792898,0.16106144029652325
5,"CD4-positive, alpha-beta cytotoxic T cell",0.08666253936745671,0.7684637131665677,9,0.9151362326453416,0.038514249450410355
5,"CD4-positive, alpha-beta memory T cell",0.006746574632890442,0.9345373454489245,11,1.0,-0.0
5,"CD8-alpha-alpha-positive, alpha-beta intraepithelial T cell",0.998548061491223,0.31766208971347365,11,0.5560991018964886,0.25484780631082515
5,"CD8-positive, alpha-beta T cell",1.0409712666454267,0.30759568854643365,8,0.5476703722899916,0.26148075277032645
5,"CD8-positive, alpha-beta cytotoxic T cell",0.0,1.0,11,1.0,-0.0
5,"CD8-positive, alpha-beta memory T cell",0.21701479096091855,0.6413239725850781,9,0.8558802559179288,0.06758699213570109
5,"CD14-low, CD16-positive monocyte",9.532807453272591,0.0020183114310154747,22,0.02232374764608025,1.651232895514555
5,CD14-positive monocyte,11.564144089577784,0.000672358330482509,23,0.011971258079322722,1.921860206469377
5,"CD14-positive, CD16-negative classical monocyte",7.066040436539011,0.007855867883298487,21,0.05678003519611778,1.2458043426048957
5,"CD14-positive, CD16-positive monocyte",11.348718420784417,0.0007550005116333938,22,0.013122627940294701,1.8819791843443034
5,"CD16-negative, CD56-bright natural killer cell, human",0.8741342719691795,0.3498133043489138,7,0.5952534083326505,0.22529810921023105
5,"CD16-positive, CD56-dim natural killer cell, human",0.31314807572810244,0.5757547945915195,14,0.8021011451370404,0.09577086362957286
5,IgA plasma cell,3.1865971762207934,0.07424440906931684,9,0.24088186053600574,0.6181959030557415
5,IgG plasma cell,1.0631156804750612,0.3025056447060598,10,0.5425879506088576,0.26552985495737175
5,L2/3-6 intratelencephalic projecting glutamatergic cortical neuron,5.684110408683894,0.017119216464431944,3,0.08990667639593755,1.046208056717784
5,L6b glutamatergic cortical neuron,4.1142607162919935,0.042523106440597244,4,0.16779387946830263,0.775223884756551
5,Schwann cell,0.016860871872239006,0.8966855623682172,16,0.9913321342777341,0.00378081582983848
5,T cell,1.7257853589500973,0.18895004233105062,7,0.4092983112809108,0.38796004720152955
5,T follicular helper cell,0.0,1.0,11,1.0,-0.0
5,T-helper 22 cell,0.0,1.0,9,1.0,-0.0
5,"activated CD4-positive, alpha-beta T cell",3.131567085014409,0.07678989301766181,8,0.24162337027109104,0.6168610622325437
5,"activated CD8-positive, alpha-beta T cell",2.9119847515235397,0.08792361129504442,7,0.2606110943156132,0.5840071001449478
5,alpha-beta T cell,0.8442839153195416,0.3581744361809379,9,0.6066527573366234,0.21705982412118432
5,alternatively activated macrophage,16.367137278912473,5.218217945398552e-05,24,0.0018139519524480682,2.7413742206182765
5,alveolar macrophage,5.386076738184798,0.02029805817029808,20,0.10219022389184551,0.990590649337354
5,alveolar type 1 fibroblast cell,0.08344388718084231,0.7726834976251272,16,0.9171690297013705,0.037550618635605014
5,alveolar type 2 fibroblast cell,5.727990092390929,0.016696581663049454,23,0.08896718696369417,1.0507701410880117
5,amacrine cell,3.354382876022159,0.06702632932480469,8,0.22697136233736184,0.6440289355973776
5,astrocyte,0.020002205107357483,0.8875309255567865,14,0.9891566040556551,0.004734945113587255
5,astrocyte of the cerebral cortex,0.5343272632914591,0.464793248126137,10,0.7113188074047798,0.1479357083215045
5,basal cell,5.32758848257975,0.0209904088877987,22,0.10451933392257252,0.9808033665937075
5,blood vessel endothelial cell,8.634283490560584,0.0032989496411711945,22,0.033209126801788245,1.4787425435570074
5,bronchus fibroblast of lung,11.777928902603366,0.0005993713245669596,23,0.010938526673347012,1.9610411698421852
5,capillary endothelial cell,5.890621538114846,0.01522172704048967,24,0.0854758518427497,1.068156562379719
5,caudal ganglionic eminence derived GABAergic cortical interneuron,1.8486081856795773,0.1739453574095267,6,0.39521493594110313,0.40316665094111237
5,"central memory CD4-positive, alpha-beta T cell",0.16727850322212914,0.6825419011272653,8,0.8769791079693393,0.05701075258801434
5,"central memory CD8-positive, alpha-beta T cell",0.03345393152166648,0.8548732192338395,9,0.9750897656885983,0.010955401789954283
5,central nervous system macrophage,0.0,1.0,16,1.0,-0.0
5,chandelier pvalb GABAergic cortical interneuron,3.5856151607013786,0.05828183451242257,3,0.2055349719520216,0.6871142719213682
5,ciliated columnar cell of tracheobronchial tree,0.2117900465123592,0.6453679872378733,15,0.8565793285157227,0.06723241046697553
5,class switched memory B cell,0.10816863815897351,0.7422388261156061,10,0.90082022458295,0.04536187190861089
5,classical monocyte,5.011038694292978,0.025186191306310828,20,0.12015823590000253,0.9202464563761786
5,club cell,3.303501925588533,0.06913235373994359,15,0.22908597736041517,0.6400014937061786
5,conventional dendritic cell,1.1646397289305523,0.2805053756477853,14,0.5264597346522065,0.2786348394586913
5,corticothalamic-projecting glutamatergic cortical neuron,5.108147516107903,0.02381373415475055,3,0.1151259995560788,0.9388265861127505
5,dendritic cell,10.742032990209538,0.001047292172119367,23,0.016178102195785554,1.7910724255073514
5,double negative T regulatory cell,0.0,1.0,13,1.0,-0.0
5,double negative thymocyte,0.2897641561636754,0.5903717041793498,10,0.8177824365292702,0.08736222100145599
5,"double-positive, alpha-beta thymocyte",2.3658014778737266,0.12402020302941996,9,0.3176657831981634,0.4980295619072419
5,"effector CD8-positive, alpha-beta T cell",0.02911511893787529,0.8645135043466546,11,0.9769270250356933,0.010137876207512967
5,"effector memory CD4-positive, alpha-beta T cell",0.11425733466249241,0.735348323167818,9,0.8988030019699969,0.046335485722393294
5,"effector memory CD8-positive, alpha-beta T cell",2.3263799094407513,0.12719737923390634,5,0.3212854150488914,0.49310898906894496
5,"effector memory CD8-positive, alpha-beta T cell, terminally differentiated",0.5025784892651507,0.47836934214963456,9,0.7215415157849653,0.14173867557865266
5,elicited macrophage,13.957404690732535,0.00018699964180314538,26,0.004875347804153433,2.31199439657332
5,endothelial cell,11.934227384245332,0.0005511197877053735,27,0.010587301184866385,1.9752147320450533
5,endothelial cell of artery,26.92947398323884,2.110162544855151e-07,32,3.0808373154885207e-05,4.511331234124157
5,endothelial cell of lymphatic vessel,12.719395357347482,0.00036188275250155364,22,0.00776983556841571,2.1095881719951395
5,enterocyte,0.10134897415883105,0.7502167787492691,12,0.9045952961540656,0.043545674891718976
5,enteroendocrine cell,0.0,1.0,10,1.0,-0.0
5,ependymal cell,3.776315118547024,0.0519830214482738,7,0.18785943394673205,0.7261669906025557
5,epithelial cell of proximal tubule,0.03641992582896556,0.8486509075758719,15,0.9740804442301675,0.011405175521167009
5,erythrocyte,0.4740572161874777,0.491126556887022,6,0.733174614575718,0.13479258045360792
5,fibroblast of cardiac tissue,1.5684723889798824,0.21042899860147896,22,0.4377992202619253,0.3587250162633926
5,foveolar cell of stomach,0.0,1.0,8,1.0,-0.0
5,gamma-delta T cell,0.19789428712627288,0.6564259123660483,9,0.864964750929293,0.06300159055694507
5,goblet cell,0.16481178944820435,0.6847645089623609,14,0.8769791079693393,0.05701075258801434
5,granulocyte,0.07489055935511604,0.7843448475183927,11,0.9272854561313343,0.03278655178981434
5,hematopoietic stem cell,1.7732445415056648,0.18298105067147616,7,0.4047762636065988,0.3927849627861432
5,immature B cell,0.17436391267715123,0.6762622284086884,7,0.8768586620574468,0.05707040348147659
5,immature innate lymphoid cell,0.17699857541902392,0.6739654074603167,19,0.8768586620574468,0.05707040348147659
5,inflammatory macrophage,17.551665542851254,2.7960576314806543e-05,27,0.0010742747742004618,2.9688846221220753
5,innate lymphoid cell,0.09909588386865606,0.7529173181397104,10,0.9045952961540656,0.043545674891718976
5,intermediate monocyte,2.990305861799308,0.08376434563747037,18,0.2531293697120434,0.5966574622543022
5,intestine goblet cell,0.0,1.0,8,1.0,-0.0
5,keratinocyte,0.00016751272537193266,0.9896735311600792,11,1.0,-0.0
5,kidney collecting duct intercalated cell,0.0042564230313601285,0.9479819041029103,15,1.0,-0.0
5,kidney collecting duct principal cell,0.3451706568915149,0.556859718249068,20,0.7862816137752797,0.10442187965524088
5,kidney connecting tubule epithelial cell,0.3895216496574987,0.5325509501676402,18,0.7713535587745581,0.11274651244313878
5,kidney distal convoluted tubule epithelial cell,0.6611680802739343,0.4161478696853621,13,0.6720972231644122,0.17256789892575577
5,kidney interstitial fibroblast,0.5051599749633615,0.4772416058447211,13,0.7215415157849653,0.14173867557865266
5,kidney loop of Henle thick ascending limb epithelial cell,0.0018353958460755656,0.96582786608773,13,1.0,-0.0
5,kidney loop of Henle thin ascending limb epithelial cell,0.05380793044621349,0.8165649150438121,18,0.9476826517996548,0.023337069461334976
5,kidney loop of Henle thin descending limb epithelial cell,0.28129147295826046,0.5958559864245938,20,0.823816041837033,0.08416975545623276
5,lamp5 GABAergic cortical interneuron,1.8211161864762115,0.1771804714534551,7,0.39920291407722913,0.3988062971365671
5,leukocyte,1.4642587660387971,0.2262537202912075,10,0.4600702390322604,0.337175859415279
5,luminal epithelial cell of mammary gland,0.3638530085595343,0.5463741212138995,16,0.7774914395441455,0.10930438401071595
5,lung macrophage,20.16953399553745,7.087276506977063e-06,28,0.0005173711850093257,3.2861977629792136
5,lung pericyte,0.009955848088242118,0.920519783404045,14,1.0,-0.0
5,lymphocyte,2.400149232325162,0.1213236761575154,10,0.31295506570666515,0.5045180142635973
5,lymphoid lineage restricted progenitor cell,0.15056209545029964,0.6979987775088116,14,0.8830833753577685,0.05399829104483974
5,macrophage,7.340952255563707,0.006740112543972439,22,0.051652940119171105,1.2869049531145231
5,mast cell,0.12702754527284071,0.7215341117397002,10,0.8912350280371931,0.05000775284324318
5,mature B cell,3.7270820222049665,0.05353684393350372,17,0.19064339547052545,0.7197782355536453
5,mature NK T cell,0.09868257814835706,0.7534163562488656,11,0.9045952961540656,0.043545674891718976
5,mature alpha-beta T cell,1.1784112703137903,0.27767966679303246,16,0.5264597346522065,0.2786348394586913
5,mature gamma-delta T cell,0.14715765096665978,0.701266542720929,13,0.8841529813234511,0.0534725843122097
5,memory B cell,0.5964977560852979,0.43991741937935025,13,0.6901421614792898,0.16106144029652325
5,memory T cell,0.7861010543477218,0.375281690975525,8,0.6269007652451561,0.20280120002617785
5,mesothelial cell,0.0,1.0,16,1.0,-0.0
5,microglial cell,5.258787111318092,0.021836231285439857,20,0.10698287810987313,0.9706857226643829
5,monocyte,14.410967854529224,0.00014694397427193298,26,0.004125734662250426,2.3844987061801084
5,mucosal invariant T cell,1.6515455741120748,0.19874870068600906,6,0.4229928615183283,0.37366696177237785
5,mucous neck cell,1.6107336334499414,0.2043887065134178,14,0.43122472761501446,0.36529634346407824
5,myoepithelial cell of mammary gland,2.561260494597378,0.10951123723414463,18,0.29070255702154757,0.5365511481557359
5,naive B cell,1.001353934708276e-05,0.9974751641911557,10,1.0,-0.0
5,"naive thymus-derived CD4-positive, alpha-beta T cell",0.12934099156043222,0.7191163022126232,9,0.8912350280371931,0.05000775284324318
5,"naive thymus-derived CD8-positive, alpha-beta T cell",0.500272705809259,0.47938032213110704,8,0.7215415157849653,0.14173867557865266
5,nasal mucosa goblet cell,2.9821023476141235,0.08418985084905464,15,0.2531293697120434,0.5966574622543022
5,natural killer cell,0.0,1.0,11,1.0,-0.0
5,near-projecting glutamatergic cortical neuron,2.3156949551817863,0.12807404901264027,6,0.3212854150488914,0.49310898906894496
5,neuron,3.5684818179148343,0.05888612523632797,5,0.2056788106340642,0.6868104477253492
5,neutrophil,5.691659419221181,0.0170457284431908,22,0.08990667639593755,1.046208056717784
5,non-classical monocyte,7.535567663301226,0.006049267463015527,21,0.047013956863316476,1.3277731954914591
5,oligodendrocyte,2.2695556058040687,0.13193773006809562,7,0.3280271445113691,0.48409021658184104
5,oligodendrocyte precursor cell,2.2622783178187733,0.13255891456281355,6,0.3280271445113691,0.48409021658184104
5,pericyte,0.5501326387947462,0.4582635030634381,17,0.7072565692099574,0.15042300999555938
5,plasma cell,0.45862869351640556,0.4982655533173378,14,0.7378132439879121,0.13205355331191926
5,plasmablast,2.8241255666457654,0.09285745322244007,14,0.26976667860931935,0.5690116951007614
5,plasmacytoid dendritic cell,2.238734964732129,0.1345910523226278,17,0.3297029134077795,0.4818772152125283
5,platelet,1.063090527552973,0.3025113642435685,6,0.5425879506088576,0.26552985495737175
5,pulmonary artery endothelial cell,2.9807374544845695,0.08426087238359802,21,0.2531293697120434,0.5966574622543022
5,pvalb GABAergic cortical interneuron,4.683398688542446,0.03045543673800979,3,0.13660046566563816,0.864547820159081
5,regulatory T cell,0.03502004438955342,0.8515536636556316,10,0.9743482358442179,0.01128579684212814
5,renal interstitial pericyte,1.8043690892312705,0.1791851894893649,21,0.40001586644414794,0.39792278224083594
5,respiratory basal cell,0.7631579485233739,0.38234205405378696,17,0.6330710239732752,0.19854756393311915
5,respiratory hillock cell,2.238734964732129,0.1345910523226278,17,0.3297029134077795,0.4818772152125283
5,retina horizontal cell,4.443561212322936,0.03503309837533592,6,0.14955650183622937,0.8251947016549527
5,retinal cone cell,4.961189237452397,0.02592237401517665,6,0.12053078363744557,0.918902019840285
5,retinal ganglion cell,0.12397780253097483,0.7247596555918585,13,0.8923694879288229,0.049455287615771934
5,retinal rod cell,1.587907301116995,0.2076253770678553,10,0.4342880379929352,0.36222213265758657
5,smooth muscle cell,3.1478454429351674,0.07602728753371225,20,0.24162337027109104,0.6168610622325437
5,sncg GABAergic cortical interneuron,2.609424442135069,0.10623031120001777,5,0.2872152858370851,0.5417924503000733
5,sst GABAergic cortical interneuron,2.4385460942973602,0.11838590752424359,5,0.3108694693981936,0.5074219280789417
5,tracheal goblet cell,10.867349418196792,0.0009787450814753007,18,0.01553225890167325,1.8087653789661307
5,tracheobronchial smooth muscle cell,0.41322369433768363,0.5203378038281415,11,0.7627441702701674,0.117621103028948
5,transitional stage B cell,1.6824102761751623,0.19460449114366046,14,0.4182327945742779,0.3785819161758378
5,type I pneumocyte,4.384713627328353,0.0362625832797537,24,0.1503211909048318,0.8229797922386367
5,type II pneumocyte,0.43021326216157313,0.5118843223105514,17,0.7533781356586744,0.12298698792963952
5,vascular associated smooth muscle cell,1.7411389864598854,0.1869945743243311,17,0.40862117423187033,0.38867913253030395
5,vein endothelial cell,13.742802855157555,0.00020962246625811734,27,0.005014519966636938,2.299770635090013
5,vip GABAergic cortical interneuron,2.0007966051212267,0.15721656255020766,6,0.36550347344475026,0.43710849150852715
