subtype,cluster_id,t_statistic
1,0,-5.136116193093543
1,1,-3.9724956673844196
1,2,-4.225350070247364
1,3,-6.04558384934255
1,4,-1.9070112738819402
1,5,-0.3055594864235011
1,6,-2.3744294457927784
1,7,-2.7648532917400237
1,8,-2.7698009924697122
1,9,-3.477515038743832
1,10,-2.8108472862321965
1,11,-2.8702036351743634
1,12,-4.9212530889607535
1,13,-1.015531567888118
1,14,-2.9581559705470335
1,15,-3.601392627246899
1,16,-2.6397221610200283
1,17,-2.0904481139210604
1,18,-2.0191510152535677
1,19,-1.233811833456485
1,20,-0.14861152784160617
1,21,-1.049699335050899
1,22,-0.6367910784292553
1,23,-0.939314113401521
1,24,0.23323226871682498
1,25,-0.2455944467915549
1,26,-0.8462392313317969
1,27,-0.6079631127704217
1,28,-0.1309301400093393
1,29,-0.8022117081390165
1,30,-2.173205061125072
1,31,-0.7086669805932796
1,32,4.263825057409251
1,33,4.11270505295175
1,34,4.337153075939279
1,35,4.411269337888457
1,36,3.6739277739447966
1,37,2.5668762627417934
1,38,1.763529258068151
1,39,2.4545206247337643
1,40,1.7276813937436324
1,41,2.1855270188294718
1,42,2.350682437789344
1,43,1.9826139062107417
1,44,0.9974481035691386
1,45,1.315303986149334
1,46,1.2344600964158992
1,47,1.4127181898774528
1,48,1.5980909076875045
1,49,0.7571042522588736
1,50,1.1820459476247642
1,51,2.8581259140153277
1,52,2.664212039347491
1,53,2.6641389829926716
1,54,2.6845266609872205
1,55,2.7344446219621257
1,56,3.519896620267494
1,57,2.828724932888224
1,58,2.087567051692026
1,59,2.8827539681373646
1,60,2.934713001671191
1,61,1.9424626599565296
1,62,2.6215384899733394
1,63,2.2762450762702016
1,64,2.4336965240394095
1,65,2.3883767194484506
1,66,1.5042193790968017
1,67,1.7439020305896433
1,68,1.0841999885840636
1,69,1.2700936888392689
1,70,1.7094617115030373
1,71,1.7557261692519637
1,72,1.4896481552045775
1,73,1.3796829527561463
1,74,1.793231174842113
1,75,1.2634874223132666
1,76,0.9386528409524661
1,77,0.7246487173320821
1,78,0.08594293047223579
1,79,0.04539397679173528
1,80,0.06135020741500888
1,81,-0.023211084436221573
1,82,-0.35039238404621187
1,83,3.6154260398249747
1,84,4.51968276599862
1,85,4.461506262073134
1,86,4.367736244521388
1,87,4.3353532198318945
1,88,4.388526337760005
1,89,4.325091095674921
1,90,3.868638142207431
1,91,3.767978215853163
1,92,3.8320037304221217
1,93,3.9262562923386604
1,94,3.9172883286987354
1,95,4.078108054926753
1,96,4.075482129093541
1,97,2.874715327537301
1,98,3.4430150072644814
1,99,3.0854179660068883
1,100,3.3239665328313985
1,101,3.211696175562912
1,102,3.0696772816322717
1,103,3.141442656584086
1,104,3.2463405039030166
1,105,3.1713016337323015
1,106,3.288705063690118
1,107,4.0288058319537265
1,108,3.7968771399940744
1,109,3.6451838002675307
1,110,3.5573222195758643
1,111,3.6687198835688766
1,112,3.3370567765718717
1,113,3.03790353298916
1,114,3.43930960079663
1,115,3.4843003703024698
1,116,3.3610265118981646
1,117,3.3245067941836477
1,118,4.031459537092442
1,119,4.156312590600294
1,120,3.2760713153631156
1,121,3.5200305802839793
1,122,3.1002195816405176
1,123,3.0944140081150864
1,124,3.1988801124988115
1,125,3.380402740576646
1,126,3.510035352826708
1,127,3.639675121152481
1,128,3.6598374253512187
1,129,3.439878801775673
1,130,3.423588119000373
1,131,3.3676880685932784
1,132,4.083741075649202
1,133,3.7474018853572706
1,134,3.7754813723787595
1,135,3.9123426756760593
1,136,4.123505044432698
1,137,3.74957236535029
1,138,3.977170275720565
1,139,3.5148821659307368
1,140,3.6446464325359376
1,141,3.903688082428434
1,142,3.4687348003516303
1,143,3.787273038803513
1,144,3.6570904705371077
1,145,3.6840306900039455
1,146,3.5233092265242156
1,147,3.610874929808867
1,148,3.5599489757049456
1,149,3.5469861861933993
1,150,2.684043536652256
1,151,2.6424509690326796
1,152,3.004091334782247
1,153,3.751470014669962
1,154,3.7804511359180775
1,155,3.8246721189940422
1,156,3.5949571558186153
1,157,3.7505736845253237
1,158,3.9738149363107915
1,159,3.87342542489551
1,160,3.6019374579718786
1,161,4.3542625029947954
1,162,3.427311650202928
1,163,4.198976735572882
1,164,4.034690198259715
1,165,4.223706496324733
1,166,4.251527189832086
1,167,3.8870905805908547
1,168,3.8710108311853118
1,169,3.722144205775452
1,170,4.403990776862745
1,171,4.461568715596445
1,172,4.469931717113094
1,173,4.583611993684471
1,174,4.158619214450333
1,175,4.165947193543058
1,176,3.7745905370232835
1,177,4.066514722876464
1,178,4.282242494790703
1,179,3.551464196569279
1,180,3.66713438414496
1,181,3.473727591654847
1,182,3.6023862546815972
1,183,3.6819649943399404
1,184,3.7270152568705113
1,185,3.4685915293575267
1,186,3.495017825650863
1,187,3.806326534037055
1,188,4.034084732762767
1,189,4.43430428208345
1,190,4.278496184318438
1,191,4.455049270266241
1,192,3.877972659150794
1,193,4.03638640369343
1,194,4.023659945106343
1,195,4.116521192046764
1,196,4.158047515264634
1,197,4.1876267859972724
1,198,4.116728546078899
1,199,4.297129904549362
1,200,3.829481755058086
1,201,3.672823659051724
1,202,3.7633283137710496
1,203,3.847938343538334
1,204,3.8293827193192387
1,205,3.7650173229135775
1,206,4.45494672232623
1,207,3.8862618484831026
1,208,3.403289148250151
1,209,3.916831780044784
1,210,3.875104219459576
1,211,3.5871535466634525
1,212,3.462377733153673
1,213,2.7678335844272857
1,214,3.1054898915543214
1,215,3.221658446557333
1,216,3.1302548021384258
1,217,4.091387759464856
1,218,3.2577206815498827
1,219,3.6388135364553396
1,220,4.268190877473962
1,221,4.27654100242024
1,222,4.5113796900416645
1,223,4.1436741671683945
1,224,4.174465481627869
1,225,3.653552840520644
1,226,3.4950232564760504
1,227,3.547087555947349
1,228,3.945523683589198
1,229,4.198460647406247
1,230,3.436679954958875
1,231,3.416914429052292
1,232,3.2477973980274824
1,233,3.395022733873025
1,234,3.674397280813131
1,235,2.4021649804058804
1,236,3.8033268453867466
1,237,4.19956158742211
1,238,4.183778139308152
1,239,3.528253715182343
1,240,3.6734839234114096
1,241,3.4798493942929563
1,242,3.061342675065684
1,243,2.9408500625029808
1,244,3.4642711089783833
1,245,3.428742225189473
1,246,3.975373983569713
1,247,3.2111577760428975
1,248,3.3812684833283613
1,249,3.36635103410901
1,250,3.0706362228331727
1,251,3.1162334563906224
1,252,3.1796942500205625
1,253,3.5206074013158624
1,254,3.8291264164565493
1,255,3.8698320929008636
1,256,3.6526179986788163
1,257,3.5951237065827075
1,258,3.801573842474294
1,259,3.7358414482534177
1,260,3.4287061485233363
1,261,3.681885035089508
1,262,3.728275872311875
1,263,3.658196640635661
1,264,4.21979506751251
1,265,4.568706420928246
1,266,4.237258119085757
1,267,4.636488605231928
1,268,4.510070513260697
1,269,4.338744725674071
1,270,4.700671857179882
1,271,4.656393196513314
1,272,4.465469156314776
1,273,4.750966033709806
1,274,4.663781724615409
1,275,4.569180688832054
1,276,4.175485140287476
1,277,3.621306142829412
1,278,4.448273771928367
1,279,3.7425365018323973
1,280,4.283098619413866
1,281,4.036586469688594
1,282,5.256075152120855
1,283,4.775330668159257
1,284,4.347907036694572
1,285,4.773922512770604
1,286,4.836548489126895
1,287,4.9074441656954635
1,288,5.010647367886779
1,289,3.8940207594820366
1,290,3.7070093204962222
1,291,3.9419196814620965
1,292,4.218777307543669
1,293,4.415082087337109
1,294,4.39463347765618
1,295,4.436932126272799
1,296,4.6193907209680285
1,297,3.0610146149997997
1,298,4.073769384891908
1,299,3.813841638377685
1,300,3.9321248748246647
1,301,4.217583172210954
1,302,3.597822560215767
1,303,3.6553940495826778
1,304,3.6399685177641503
1,305,4.07179648878786
1,306,3.7688121189681314
1,307,3.6061143996994836
1,308,4.519906569229003
1,309,4.104689319112609
1,310,3.1344223316164475
1,311,3.3329283955818334
1,312,3.3280777982792404
1,313,2.5692536791121823
1,314,1.27357946592083
1,315,3.6596282874735873
1,316,3.9226897523273307
1,317,3.532481937641662
1,318,3.4738842753838255
1,319,3.6119654740578135
1,320,3.496629592280706
1,321,3.9218679324454384
1,322,3.936323492796107
1,323,3.9353815521862945
1,324,3.4741915231851475
1,325,3.5684400670728333
1,326,3.5103556270797363
1,327,3.5102126410544403
1,328,3.560450210976076
1,329,3.924246342555779
1,330,3.772914311578773
1,331,3.7749856574072465
1,332,3.7965508532164742
1,333,3.855121969941091
1,334,2.2757641106147966
1,335,3.3307150030819415
1,336,3.4253875777531437
1,337,3.528311496362441
1,338,2.9751705452443216
1,339,4.0249908025369665
1,340,3.8326582492802137
1,341,2.7201328508738407
1,342,3.0359590298510675
1,343,3.409257338638126
1,344,3.5783553630551386
1,345,3.0957842840891048
1,346,3.4835015764884876
1,347,3.9392933905251084
1,348,3.2250203471203345
1,349,3.757392051997008
1,350,4.447458667057587
1,351,3.9635264835574517
1,352,3.339569066075726
1,353,3.899407087814473
1,354,4.0253612051497845
1,355,4.159876840708912
1,356,4.178656143735617
1,357,4.36999044172241
1,358,4.291025307523741
1,359,3.8325029678433755
1,360,3.6857596514950726
1,361,4.0662477561550405
1,362,3.880180135516297
1,363,3.8565290624426565
1,364,4.419642284195924
1,365,3.806507574898005
1,366,3.869072607531891
1,367,4.408820071085001
1,368,3.9274583305527386
1,369,4.298883869563623
1,370,4.127092760992993
1,371,3.4809523027819576
1,372,4.291734589069005
1,373,4.271821066998692
1,374,3.9069665748736475
1,375,3.9970146032393354
1,376,4.263140399390112
1,377,3.9386277565246575
1,378,4.380212629435786
1,379,3.568224984682077
1,380,4.077289519053694
1,381,4.344723016450627
1,382,3.9920719219196537
1,383,4.4654204763540255
1,384,3.400695023280637
1,385,3.925883400773053
1,386,3.411631289273466
1,387,3.928072768397623
1,388,3.870227500244264
1,389,3.8352255882976274
1,390,4.15681050295735
1,391,3.992426487066
1,392,3.888069700312771
1,393,3.5114557873131456
1,394,3.9522517321920154
1,395,3.6719078459186343
1,396,3.559553585953901
1,397,3.1251876196629054
1,398,4.161345612229746
1,399,3.6084819332536298
1,400,4.395526422051935
1,401,2.861030336871383
1,402,3.952548356567481
1,403,4.043253572181477
1,404,4.555904573732585
1,405,4.358205122373522
1,406,4.1126473528195095
1,407,4.183363374667343
1,408,3.6021551083901984
1,409,4.109966985234623
1,410,2.866012151774869
1,411,3.779150880272899
1,412,4.5043001635250866
1,413,3.668136992046685
1,414,3.413750758092263
1,415,4.266766930281207
1,416,3.8335553531040256
1,417,4.142762427327669
1,418,3.885349152558017
1,419,3.9286514677231925
1,420,4.2094230334287355
1,421,4.057269891075263
1,422,4.069733664101136
1,423,4.45180286524965
1,424,4.23545957553045
1,425,4.259261638657642
1,426,4.429946834754186
1,427,3.906307737151894
1,428,4.579656938815847
1,429,4.455970928779497
1,430,3.8800498941652637
1,431,3.6961239087403106
1,432,3.0283666471272577
1,433,2.9923338838461473
1,434,3.282500749742154
1,435,3.289615180106282
1,436,3.137368599281982
1,437,3.2049415376931054
1,438,3.2232439762846736
1,439,3.215395111685745
1,440,3.3311241961589992
1,441,3.5780735569119497
1,442,3.465191567308577
1,443,3.296922925950431
1,444,3.2540904227786642
1,445,3.6330987885010293
1,446,3.601491110462226
1,447,3.7268700451606804
1,448,3.4111265239367587
1,449,3.19269004928193
1,450,3.5902188445912806
1,451,3.3438416915403617
1,452,3.5784314445912297
1,453,3.211674944536049
1,454,3.3288149879023075
1,455,2.7851362811834783
1,456,3.742565161789224
1,457,3.2493702965421893
1,458,3.1615021672476407
1,459,3.7484674213175646
1,460,3.121679253385703
2,0,-3.2793711568826467
2,1,-3.9760475489826175
2,2,-2.326985381429754
2,3,-2.0638994106939297
2,4,-0.10108566393372471
2,5,-0.9116710349470961
2,6,-0.4668702698917067
2,7,-0.5362176908402201
2,8,-1.0934868230873578
2,9,-1.0954029225454023
2,10,-0.8692015693696249
2,11,-1.2226953655828199
2,12,-2.0969009680140003
2,13,0.5732376570303247
2,14,1.3953228958870636
2,15,1.4555695595631195
2,16,0.9675640559497592
2,17,1.788185774893614
2,18,1.8184112073020837
2,19,0.8748545284940712
2,20,-0.11882334779804322
2,21,1.1858041042461571
2,22,0.7365487843149108
2,23,1.6764798543422028
2,24,0.8991117025391735
2,25,4.932326956626403
2,26,4.9862119790481
2,27,4.682686316289813
2,28,5.62879307770084
2,29,3.622645577131133
2,30,2.893818385104667
2,31,2.081984637279714
2,32,3.9862034231695085
2,33,4.042041803535656
2,34,4.110383189232681
2,35,4.221527395373294
2,36,3.594208423544668
2,37,2.2532986259519703
2,38,1.5530826462216965
2,39,1.249171685479297
2,40,1.6005077011705602
2,41,1.8402638945323055
2,42,2.1061178821095456
2,43,1.671259583689888
2,44,1.0573004168809517
2,45,1.3094475921162523
2,46,1.3726855392188253
2,47,1.4770292393320332
2,48,1.273153748164435
2,49,0.5496923974085205
2,50,0.903351608969719
2,51,2.7500580183505625
2,52,3.517632268968029
2,53,3.4290253181673
2,54,3.293611436390498
2,55,3.329033110554565
2,56,3.9802628616977076
2,57,3.4381980718523755
2,58,2.571787003417081
2,59,4.260089090859757
2,60,4.576553418425903
2,61,2.7767250089885587
2,62,4.338901695387855
2,63,2.855233622697286
2,64,2.8466026948847296
2,65,3.1121132232270736
2,66,0.8542035244874219
2,67,1.5314508717621833
2,68,0.44694772239881814
2,69,0.9436825023006005
2,70,1.876350702661609
2,71,1.652473677366208
2,72,1.6932908003705507
2,73,1.5338722885723142
2,74,0.3021000167922311
2,75,-0.501043189178657
2,76,-0.6064869643580377
2,77,-0.9360514198638243
2,78,-0.7083415465025389
2,79,-0.8275231127221093
2,80,-0.6651799208082259
2,81,-0.9466599042779074
2,82,-0.7848374954152441
2,83,2.523881575244886
2,84,3.256284651363309
2,85,3.4474962731362417
2,86,3.141985902666434
2,87,3.188051608418283
2,88,3.125305053471026
2,89,3.188732833414264
2,90,2.6793294090365536
2,91,2.27813001398233
2,92,2.162037317119588
2,93,2.650141588618891
2,94,2.814224151750185
2,95,2.335055623749362
2,96,2.3479558292935074
2,97,2.789087067143889
2,98,3.240759028673339
2,99,3.4225327631580518
2,100,3.1090685021649733
2,101,3.0477943537131735
2,102,3.1413084461130385
2,103,3.2617312692642177
2,104,3.80555209120475
2,105,3.444380583207638
2,106,3.2560104304736646
2,107,3.050975352270497
2,108,3.123934899567608
2,109,2.805437889195252
2,110,2.6272446829201246
2,111,3.4636724351592325
2,112,2.133012540377017
2,113,2.2392276770875403
2,114,2.079244986198711
2,115,2.3206855736738707
2,116,2.2404610644428984
2,117,2.2793050286187935
2,118,3.094076547256495
2,119,3.04411199576541
2,120,1.724484226373488
2,121,1.7050364304747672
2,122,1.1770710774889976
2,123,1.2170855432642373
2,124,1.3751518471041166
2,125,1.6499176593288236
2,126,2.0567693793686543
2,127,2.1275406631947327
2,128,2.2622151536986412
2,129,1.547440454900534
2,130,1.325226354194513
2,131,1.7579909797055366
2,132,2.2954738279300884
2,133,1.4705268026787377
2,134,2.0662943280192905
2,135,1.963198092241403
2,136,2.214398620002307
2,137,1.50174578441874
2,138,1.795800153987576
2,139,1.5463078235554268
2,140,1.559357438666152
2,141,1.6863178715722338
2,142,2.193277172499084
2,143,2.35832139288838
2,144,1.904916800923853
2,145,3.18785415128137
2,146,2.6988733895299606
2,147,3.133868783949979
2,148,2.3475708888921
2,149,2.0878134163248574
2,150,1.0574382795501018
2,151,1.1180911366012471
2,152,1.6082715884046275
2,153,1.8324926861238424
2,154,2.340525318648883
2,155,2.203384347228417
2,156,2.799465152690736
2,157,2.759280296660984
2,158,3.103363808604388
2,159,3.1714712333848665
2,160,2.8080603245582156
2,161,2.9878504646994237
2,162,3.149556321270588
2,163,3.536598768945415
2,164,2.5820859880592346
2,165,2.4002355564524978
2,166,2.4244230535912044
2,167,1.626725051739644
2,168,1.953084344703353
2,169,2.349406945432006
2,170,2.933501387697634
2,171,3.14332684488679
2,172,2.8959767599496344
2,173,3.128635255068159
2,174,2.8796881902445226
2,175,2.5180575866949133
2,176,1.5539253427214714
2,177,1.9815401534836243
2,178,2.402513589115532
2,179,2.3235049071513143
2,180,2.2371661846978887
2,181,2.285181113800666
2,182,2.1575472547171546
2,183,2.2511738750914927
2,184,2.3346049246561695
2,185,1.932240670450547
2,186,2.0844456287609088
2,187,2.6708773854937657
2,188,2.726494646740069
2,189,2.859358149676758
2,190,2.6834132380539666
2,191,2.783146568268912
2,192,1.9297713795931046
2,193,2.2780190154969397
2,194,1.9812681511023724
2,195,2.58086174605677
2,196,2.7280568256148987
2,197,2.525121439314523
2,198,2.917788739125167
2,199,1.7889326547272357
2,200,1.7338659684668452
2,201,1.445231616765999
2,202,1.0214329961399753
2,203,1.5594347691041646
2,204,0.9858941397069069
2,205,1.3323885763593581
2,206,2.987659029500063
2,207,2.608751628192717
2,208,1.9305197514571084
2,209,2.6239468080295585
2,210,2.7168554958848765
2,211,2.036950737113282
2,212,2.216497166132103
2,213,1.2263879458639373
2,214,1.2437148312695514
2,215,1.5921568653030556
2,216,1.563161804343434
2,217,2.8570936147853687
2,218,1.4851034987807241
2,219,1.4434182195466916
2,220,2.6094486838737376
2,221,3.564602715207914
2,222,2.6407896948666045
2,223,2.277045861409807
2,224,2.2418955700301186
2,225,1.5758244442081768
2,226,1.4495551233297668
2,227,1.7702223566447979
2,228,1.7281747049631362
2,229,2.1228386829845944
2,230,1.7071941834881155
2,231,1.427332487383168
2,232,1.2727760531881027
2,233,1.383830311662886
2,234,1.3682470602040966
2,235,2.1670497963803586
2,236,3.685623459686062
2,237,3.6998153967663967
2,238,3.895810098654618
2,239,4.0584334999213985
2,240,4.212684785303384
2,241,4.191833055291206
2,242,3.4217878826858934
2,243,3.2635294291678503
2,244,3.1707412894642153
2,245,3.3089718974698554
2,246,3.861882329901419
2,247,3.3875618597143027
2,248,3.6625522987632775
2,249,3.80132851882247
2,250,3.8657562214723913
2,251,3.664206401022336
2,252,3.334278745257841
2,253,3.5393548930091825
2,254,3.0939774094001717
2,255,2.4893301404480237
2,256,2.858425541242808
2,257,2.9887155428670784
2,258,3.327960883534016
2,259,3.8881795935475996
2,260,2.9437258505375046
2,261,3.4031791391364568
2,262,3.1767918353532427
2,263,2.9551131918253892
2,264,3.5668639297398275
2,265,3.7005702196605585
2,266,3.5027394250853368
2,267,4.59208397005955
2,268,3.437347709682127
2,269,3.4203602585687087
2,270,3.6391454962891845
2,271,3.578731205095729
2,272,3.1792986876599802
2,273,3.4299595549105177
2,274,2.8749040834273325
2,275,2.871353698956851
2,276,4.1641667093015045
2,277,3.096294848530227
2,278,3.7892489060126793
2,279,4.053463425578742
2,280,3.796806672335155
2,281,3.584159228676907
2,282,3.8220326452991693
2,283,3.275551837437753
2,284,3.287044967158464
2,285,4.0231507567462765
2,286,4.333835050701363
2,287,3.488979942682897
2,288,3.038139622974624
2,289,3.403556728845879
2,290,2.7791150956753894
2,291,3.2783932714487394
2,292,4.115258578037441
2,293,4.0806586829217455
2,294,4.018316411965558
2,295,4.183972308336924
2,296,4.319862092137201
2,297,1.1490828098605608
2,298,2.7559920333086905
2,299,2.6101598812030216
2,300,1.4855648795487149
2,301,2.5486742347213833
2,302,2.2497994277446467
2,303,1.1114855890381774
2,304,0.7883058175712212
2,305,1.1385984148954575
2,306,0.7429218768371901
2,307,0.6334748721851001
2,308,2.2308593237790304
2,309,3.4501653213210637
2,310,0.6507122091969463
2,311,0.7735541395540423
2,312,0.455422086852175
2,313,0.05222814647698769
2,314,0.5937802620491343
2,315,2.6628236637509017
2,316,3.507864887490855
2,317,3.3960094241978602
2,318,3.3693121692405246
2,319,3.674335133932433
2,320,3.498608776690975
2,321,3.708196659838785
2,322,3.401735388228838
2,323,3.695117328611852
2,324,3.6127279356959145
2,325,3.7196888942339443
2,326,4.059004616073788
2,327,3.776625822196946
2,328,4.0509749544092655
2,329,3.626419772353118
2,330,3.508212448185137
2,331,3.25359783271487
2,332,3.986923519411967
2,333,3.2692038247607864
2,334,4.457807457376308
2,335,3.5515383120413486
2,336,3.912674601672551
2,337,3.4294224956805515
2,338,2.8103434061522874
2,339,3.2275643511829895
2,340,2.580133843808921
2,341,3.429958822089854
2,342,2.7350361767775437
2,343,3.322808838698762
2,344,3.7855003642010847
2,345,3.491456930332065
2,346,4.492000517006829
2,347,3.3881890366194174
2,348,3.6782606275713694
2,349,3.16226717251777
2,350,2.8441836467977577
2,351,2.9671554547301517
2,352,2.6414198480580864
2,353,3.247380855390672
2,354,3.235130634170423
2,355,3.1857188373999374
2,356,3.292254155405006
2,357,3.347588317591435
2,358,3.82688700451181
2,359,3.2155343798912477
2,360,3.4780129946424205
2,361,2.6960912298626294
2,362,2.705651224742114
2,363,3.148412959613691
2,364,4.160360915691587
2,365,3.5975407408887135
2,366,4.006489451499343
2,367,3.6930581747044746
2,368,4.150646887947678
2,369,4.386770258604844
2,370,4.541868898293765
2,371,3.5186894260091366
2,372,3.5671172789457493
2,373,3.7899174003483376
2,374,3.14961779846576
2,375,3.1152883073290205
2,376,3.952740380947929
2,377,2.7783017780888675
2,378,3.6942384327496907
2,379,2.487209452046797
2,380,3.0193719538359773
2,381,3.573209576365995
2,382,4.37296507330188
2,383,3.8886901722651985
2,384,3.657698656404201
2,385,3.5495027184969024
2,386,3.461878048115735
2,387,3.570219487291383
2,388,3.185699711645657
2,389,3.5514653988131606
2,390,2.907644587462954
2,391,3.0550488622163585
2,392,2.9329466726702265
2,393,3.076973402544384
2,394,2.8623074497832195
2,395,2.5969777118272344
2,396,4.775729223587678
2,397,3.4567362450707857
2,398,3.678139988797946
2,399,2.8536569759946637
2,400,3.223601183544994
2,401,4.377527614207814
2,402,2.3271099101626374
2,403,2.4125594679598525
2,404,3.2040189100674783
2,405,3.6020611149553448
2,406,4.090458429691113
2,407,3.7367131711942205
2,408,2.9149533980266424
2,409,3.637503857973302
2,410,1.6198008330634155
2,411,1.8997648046286517
2,412,3.2260893451110904
2,413,2.934592578151751
2,414,3.658809607519467
2,415,2.828509013073062
2,416,3.114036416252241
2,417,2.5115904438540664
2,418,2.493234517823637
2,419,3.419840576187276
2,420,3.717939864066791
2,421,2.9161614071967046
2,422,2.9967637520115415
2,423,3.0805111555141345
2,424,3.2131621060507682
2,425,2.722697346955744
2,426,2.643972733337727
2,427,2.8421750246792676
2,428,3.581573803525251
2,429,3.661517981796494
2,430,2.068794715608883
2,431,2.4299999265272785
2,432,1.5757861940024627
2,433,1.8718291306128516
2,434,1.837143902388248
2,435,1.77111980194881
2,436,1.9963521522836805
2,437,1.6934643096933788
2,438,1.5102442576404151
2,439,1.225939836406092
2,440,1.589448620203453
2,441,1.7773548344161127
2,442,1.8938150912397929
2,443,2.020228014440634
2,444,1.822608195653853
2,445,2.6913073674373154
2,446,2.6071694519039
2,447,2.5997819515439886
2,448,3.3117312786212354
2,449,2.752580996345287
2,450,3.060491127804879
2,451,3.1017839157152425
2,452,2.8528956846507074
2,453,2.7546107838834715
2,454,2.6407882154616957
2,455,2.4438816029852064
2,456,2.9963447135095667
2,457,2.291229104472136
2,458,2.885632685469379
2,459,3.6515257838477506
2,460,3.971016789565874
3,0,1.1552371631273906
3,1,2.222177219323683
3,2,0.6398900662047193
3,3,-0.45693393164965573
3,4,-0.9698801820873947
3,5,1.0047709853078264
3,6,-0.4840446817077704
3,7,-0.6037823882911028
3,8,0.013274274965112196
3,9,-0.3559330260055137
3,10,-0.26161282294783267
3,11,0.11680545767204921
3,12,0.11781541134040259
3,13,-0.7020547966423138
3,14,-2.1836793710600073
3,15,-2.6626433190428678
3,16,-1.5874791537194295
3,17,-2.3634361247371514
3,18,-2.2506852256316385
3,19,-1.0542518418218483
3,20,0.2677601908243861
3,21,-1.4862489447869012
3,22,-0.7947833982157833
3,23,-1.624406391002704
3,24,-0.32811581049974164
3,25,-4.484037138179356
3,26,-4.761629476047788
3,27,-4.4083811054142945
3,28,-5.177937603242064
3,29,-3.4452999900062187
3,30,-3.2969673946688522
3,31,-1.800409837466814
3,32,-1.436773171235261
3,33,-1.5192337997587118
3,34,-1.515746446909992
3,35,-1.5775523555068112
3,36,-1.3285145312796955
3,37,-0.5552740299164013
3,38,-0.21234220720208302
3,39,0.29594068632966747
3,40,-0.4959841268864032
3,41,-0.48569941811333417
3,42,-0.6647855431307302
3,43,-0.3803992065999357
3,44,-0.2361555238849637
3,45,-0.38854118042391944
3,46,-0.4676786670049037
3,47,-0.503698596275245
3,48,-0.25394081635546845
3,49,0.23466985642677887
3,50,-0.03514687073366048
3,51,-1.0180788544521477
3,52,-1.8762627808758645
3,53,-1.8734753154222001
3,54,-1.8543382210993606
3,55,-1.8332604006407531
3,56,-2.0525557735710476
3,57,-1.9174507978950899
3,58,-1.5728974020099258
3,59,-2.4801194417123433
3,60,-2.732138215313223
3,61,-1.8339261384206071
3,62,-2.8049322912532055
3,63,-1.6872314225941867
3,64,-1.6253361970270417
3,65,-1.8115000445552876
3,66,-0.07331626010096856
3,67,-0.6507246307659538
3,68,0.08720457049429085
3,69,-0.27553641368846804
3,70,-0.9856608277279421
3,71,-0.6956535989918275
3,72,-0.9227203683438607
3,73,-0.8384738200801818
3,74,0.856150701432532
3,75,1.3479418304047828
3,76,1.4558405799020842
3,77,1.597895016240752
3,78,1.196059240730948
3,79,1.3098584930222865
3,80,1.1814633263445953
3,81,1.4399121692275685
3,82,1.1212789521523474
3,83,-0.7604402680872905
3,84,-0.9353844103698774
3,85,-1.1540745580807172
3,86,-0.9059992229790687
3,87,-0.9431429146518002
3,88,-0.8655976095431586
3,89,-1.0109951176784138
3,90,-0.8370912867036044
3,91,-0.478389465695764
3,92,-0.3085714633226749
3,93,-0.7484023720952152
3,94,-0.8775827693784586
3,95,-0.354814343843385
3,96,-0.3283124063527493
3,97,-1.4722608580171583
3,98,-1.3684998686877816
3,99,-1.820746151231649
3,100,-1.4390276502549455
3,101,-1.4833284498958064
3,102,-1.6339492156808038
3,103,-1.6232309630621242
3,104,-2.11760440617556
3,105,-1.7791906624268752
3,106,-1.487073037905069
3,107,-1.103876163879157
3,108,-1.1758765656266685
3,109,-0.9702409376530899
3,110,-0.8640216924498715
3,111,-1.634380836659125
3,112,-0.603491495021328
3,113,-0.6051141804938239
3,114,-0.3102790053681532
3,115,-0.5214575667453716
3,116,-0.46137853934669354
3,117,-0.4990531849138786
3,118,-0.9575588922724412
3,119,-0.8358352182925547
3,120,0.08171684503783576
3,121,0.20808396788162456
3,122,0.5391951886114853
3,123,0.4896784686522309
3,124,0.38104409326568006
3,125,0.19698966735978268
3,126,-0.17088925369975072
3,127,-0.2710901105676425
3,128,-0.354336571205419
3,129,0.25631442643297897
3,130,0.4863228418734304
3,131,0.06764483074932785
3,132,-0.1995412450978834
3,133,0.45726642188227684
3,134,-0.16641814943734284
3,135,-0.011745917152952768
3,136,-0.12452202011101275
3,137,0.447296614307296
3,138,0.25612455425074504
3,139,0.24376787427244895
3,140,0.30275509293260733
3,141,0.33342243053631343
3,142,-0.47040783796685764
3,143,-0.48767215275026665
3,144,-0.10723272880246365
3,145,-1.2310327110840253
3,146,-0.7874304300499521
3,147,-1.225366717209284
3,148,-0.45935391084709554
3,149,-0.2151648968050425
3,150,0.3222555789513944
3,151,0.27143332199117265
3,152,-0.010170855552074223
3,153,0.12078202504062727
3,154,-0.38028781074340057
3,155,-0.27902638154605824
3,156,-0.8044168790037924
3,157,-0.7130418349530284
3,158,-0.9369487996722582
3,159,-1.1944498580606584
3,160,-0.8768203207872798
3,161,-0.6812185855246247
3,162,-1.233487620794401
3,163,-1.3770819219612347
3,164,-0.5962040620474162
3,165,-0.3595361290647737
3,166,-0.34014429299440757
3,167,0.4437708652164013
3,168,0.050231341337149966
3,169,-0.3558535682516426
3,170,-0.7196805885652613
3,171,-0.9161652988469796
3,172,-0.6674085403130149
3,173,-0.825437712982861
3,174,-0.6843094812574455
3,175,-0.3878829521600272
3,176,0.26716697503111453
3,177,0.029698320403137322
3,178,-0.33872358654188545
3,179,-0.4109551207717064
3,180,-0.27914791874143446
3,181,-0.41994120769781756
3,182,-0.25576357489145124
3,183,-0.2946290377969969
3,184,-0.356486140872038
3,185,-0.09363372182740917
3,186,-0.20120871259181025
3,187,-0.6511605344610246
3,188,-0.5778605798140384
3,189,-0.6897022989669807
3,190,-0.5413418414456999
3,191,-0.5810350063528885
3,192,0.11739895466765062
3,193,-0.18811625017963937
3,194,0.08512879008647076
3,195,-0.4391879108452712
3,196,-0.5918196170060624
3,197,-0.3716923084002625
3,198,-0.7512114849690382
3,199,0.4434860644251469
3,200,0.2340094667883728
3,201,0.42462966609719105
3,202,0.9826075650376327
3,203,0.4252570362435409
3,204,1.0223232155003115
3,205,0.5769411604399178
3,206,-0.7070827259228809
3,207,-0.5707681513252806
3,208,-0.1358338719457194
3,209,-0.6141926118241146
3,210,-0.7068864717367227
3,211,-0.1881527848255662
3,212,-0.39814386656748874
3,213,0.27669652529668715
3,214,0.4065106508759712
3,215,0.09318519151353294
3,216,0.1523579595880076
3,217,-0.6704505003268153
3,218,0.23591162405433033
3,219,0.3762071459656993
3,220,-0.4022007359094676
3,221,-1.3568661577129446
3,222,-0.4219223332841744
3,223,-0.24805986852974488
3,224,-0.1277939269588674
3,225,0.27481371629028856
3,226,0.3543539974875829
3,227,0.11189716512974952
3,228,0.2428093108828865
3,229,0.02738878678019535
3,230,0.07627999014553474
3,231,0.31800093202751506
3,232,0.4115837067285745
3,233,0.3541733669704658
3,234,0.48548171398882595
3,235,-0.8667388594963522
3,236,-1.782660355737533
3,237,-1.5003867176355674
3,238,-1.7447544997672688
3,239,-2.1526536382605825
3,240,-2.383453662207833
3,241,-2.217870696100906
3,242,-1.7103766373707139
3,243,-1.521910308772092
3,244,-1.2441642845569614
3,245,-1.334264684860274
3,246,-1.704110715350684
3,247,-1.5734237742198984
3,248,-1.7701704752583434
3,249,-1.9383549703200038
3,250,-2.1689219688402313
3,251,-1.9547096909919526
3,252,-1.600001534658774
3,253,-1.6592009318040601
3,254,-1.0744211865586402
3,255,-0.48239465558864164
3,256,-0.860583126359078
3,257,-1.294103500039512
3,258,-1.413850870313812
3,259,-2.052003724833882
3,260,-1.394584859501253
3,261,-1.6569441046281352
3,262,-1.4290872021798477
3,263,-1.271166595361452
3,264,-1.6717841806984748
3,265,-1.5935655595264333
3,266,-1.5798882590754184
3,267,-2.153538347193595
3,268,-1.0346390228592504
3,269,-1.1564501538564393
3,270,-1.044104689110677
3,271,-1.0581867564520495
3,272,-0.7412809907361662
3,273,-0.9515506542211382
3,274,-0.3179525288208364
3,275,-0.4045191578059238
3,276,-1.8934566769247685
3,277,-1.2103699921649045
3,278,-1.4254346090809817
3,279,-2.00012599366343
3,280,-1.587981067714036
3,281,-1.4574175038329105
3,282,-1.2420465138558288
3,283,-0.8981371344550925
3,284,-1.064242277198
3,285,-1.4311331252758517
3,286,-1.8486338605988732
3,287,-0.8727451612173863
3,288,-0.3670578971734551
3,289,-1.3854301787776575
3,290,-0.8729064907524658
3,291,-1.277020570818906
3,292,-1.937156136678066
3,293,-1.8104919220649243
3,294,-1.6812526673987742
3,295,-1.8866554013144399
3,296,-1.8956304439440992
3,297,0.4385222368166903
3,298,-0.6335037835282539
3,299,-0.5958703258246971
3,300,0.36522847328332514
3,301,-0.3490986633662351
3,302,-0.4093597046892502
3,303,0.7651614865445608
3,304,1.0509998277507466
3,305,0.8838730759079889
3,306,1.1476394641086194
3,307,1.0955994186239026
3,308,0.157145312929999
3,309,-1.2385109320437964
3,310,1.0015444852918427
3,311,0.9782210380350636
3,312,1.3362179121931013
3,313,1.3707676537042477
3,314,0.21430030052909768
3,315,-0.7210919414439662
3,316,-1.4060932427336372
3,317,-1.5301384747355564
3,318,-1.5272299833297378
3,319,-1.7692330608856954
3,320,-1.6521864632306555
3,321,-1.654172105368377
3,322,-1.30973944492248
3,323,-1.4292435139812092
3,324,-1.6152791418974344
3,325,-1.6613802478938022
3,326,-2.0103151715629077
3,327,-1.7446631403582002
3,328,-1.964531307302481
3,329,-1.3864478833151457
3,330,-1.360412018884869
3,331,-1.1129698591963406
3,332,-1.7621709577096833
3,333,-1.0183245528702323
3,334,-3.0436477754385334
3,335,-1.7367261095959197
3,336,-2.035072654864029
3,337,-1.4555363476911864
3,338,-1.0820646680025334
3,339,-1.1169389720691338
3,340,-0.4584001913253104
3,341,-1.7633638999047867
3,342,-1.0014866925834658
3,343,-1.4283799627002118
3,344,-2.0142660369942433
3,345,-1.8407122075532742
3,346,-2.6175393854484628
3,347,-1.246879971196675
3,348,-1.891151909730837
3,349,-1.2331042525212763
3,350,-0.7203386556288331
3,351,-0.8962952400009156
3,352,-0.8605368218769706
3,353,-1.2229413040658617
3,354,-1.1439999704029107
3,355,-0.9506632749530106
3,356,-1.0799277786904926
3,357,-1.0030115442358891
3,358,-1.5557333808867362
3,359,-1.1442038882413441
3,360,-1.5885289676091654
3,361,-0.5201427421549955
3,362,-0.6727911973813053
3,363,-0.9714984642229573
3,364,-1.7846103992684874
3,365,-1.508414712289737
3,366,-1.8343724097178673
3,367,-1.250011206649315
3,368,-1.959589081668656
3,369,-1.9712737353799659
3,370,-2.3439984194722396
3,371,-1.8472463379419244
3,372,-1.1689908289827318
3,373,-1.4168108896548408
3,374,-1.110353709839813
3,375,-0.9526632489595431
3,376,-1.6037975853237003
3,377,-0.6316775267793546
3,378,-1.2188878070996325
3,379,-0.6243046315697455
3,380,-0.8863151192655768
3,381,-1.3701133665581637
3,382,-2.1463465654102407
3,383,-1.5066301717625545
3,384,-1.7335010837345348
3,385,-1.2854482900705984
3,386,-1.5536740820695736
3,387,-1.3498139327094005
3,388,-1.1183749521615547
3,389,-1.5748070058395311
3,390,-0.690328240693913
3,391,-0.9429119599432713
3,392,-0.8683906433177541
3,393,-1.1279071188393202
3,394,-0.6865095003912569
3,395,-0.7129636388498731
3,396,-2.7685010894455284
3,397,-1.707429580385916
3,398,-1.4455128472402181
3,399,-1.1114083039845615
3,400,-0.936914665825557
3,401,-2.603434332654231
3,402,-0.2606223595355801
3,403,-0.3613654652208144
3,404,-0.8484260335590792
3,405,-1.2475227296418823
3,406,-1.928859046569803
3,407,-1.5111159935788538
3,408,-0.9399288853729819
3,409,-1.310182144255716
3,410,0.11466041983107274
3,411,0.07060884279126219
3,412,-0.7641839379870491
3,413,-0.8848425916177679
3,414,-1.6900793921193016
3,415,-0.5213451699924353
3,416,-1.0331552123709709
3,417,-0.24853311660366026
3,418,-0.3193809960671003
3,419,-1.2258069592229903
3,420,-1.3406564597410662
3,421,-0.6915201712687752
3,422,-0.7627825436209718
3,423,-0.7793045475419655
3,424,-1.004022300456698
3,425,-0.45331946457309485
3,426,-0.37877914698652126
3,427,-0.7215535888174522
3,428,-1.1435898114654888
3,429,-1.2833440049143419
3,430,-0.07375434152734647
3,431,-0.23329902878307723
3,432,0.31596669943266525
3,433,-0.2895987778594702
3,434,-0.1425790874307981
3,435,-0.07254753806069907
3,436,-0.3440683671845436
3,437,-0.021843905932697045
3,438,0.15310099782371683
3,439,0.4158945456497569
3,440,0.10961633796443176
3,441,0.010584457477095653
3,442,-0.12990879473546088
3,443,-0.3123790915256307
3,444,-0.1435750153139764
3,445,-0.7784053945156394
3,446,-0.7490062752897675
3,447,-0.6956333409620524
3,448,-1.386278689086068
3,449,-0.9841531414059275
3,450,-1.138861286559705
3,451,-1.2992547124630611
3,452,-1.002873007952641
3,453,-1.0321498126211799
3,454,-0.8547720453829636
3,455,-0.8719727138686033
3,456,-1.012885402282722
3,457,-0.5399040561862508
3,458,-1.1108952804725227
3,459,-1.5220048066093725
3,460,-2.154454144206679
4,0,6.692593096869531
4,1,6.245609500649319
4,2,5.504742366284935
4,3,6.628620539181211
4,4,1.8708874097284591
4,5,1.038605682211735
4,6,2.9587126141718985
4,7,3.3116424279547956
4,8,3.653020859883171
4,9,4.2040593752725455
4,10,3.5501491098497833
4,11,3.8400266991765144
4,12,5.902204487546915
4,13,1.1418001529723005
4,14,2.676972558309269
4,15,3.119328785144213
4,16,2.3656231625252286
4,17,1.1538562434912971
4,18,1.5490357739209224
4,19,1.4389453437275728
4,20,0.8379610590072564
4,21,1.1585274365678158
4,22,1.0481766355489335
4,23,0.9080165801565243
4,24,0.0763653765165189
4,25,-1.0491136830699683
4,26,-0.5679071311206138
4,27,-0.4811316377044322
4,28,-1.8456720536777436
4,29,-0.40223333935986405
4,30,1.0701730371245735
4,31,0.6193216269544731
4,32,-5.070140866064266
4,33,-4.915785846301988
4,34,-5.124164431778186
4,35,-5.184741064552203
4,36,-4.243068946207986
4,37,-2.86599678790358
4,38,-1.7100277629617489
4,39,-2.1288143653711344
4,40,-1.7464139621484867
4,41,-2.1368378284012137
4,42,-2.2892838947055436
4,43,-1.8296659301474136
4,44,-0.8202276983195114
4,45,-1.2373939421727853
4,46,-1.1555838299915875
4,47,-1.3690637237701622
4,48,-1.468023175298029
4,49,-0.22981119676620962
4,50,-0.9770133718011973
4,51,-3.04079083724581
4,52,-3.064672083973067
4,53,-3.0574110346394443
4,54,-3.2413713510548545
4,55,-3.2397321011081
4,56,-4.170669520694906
4,57,-3.3794531948074686
4,58,-2.7072340223019533
4,59,-3.480376978854538
4,60,-3.702162908421862
4,61,-2.6031381425760136
4,62,-3.513377535902525
4,63,-2.7352414078658045
4,64,-2.952727075960663
4,65,-2.8449373363503283
4,66,-1.1665189741518591
4,67,-1.6979170165371664
4,68,-0.5429103589277919
4,69,-0.9424506001988383
4,70,-1.8511218902753452
4,71,-1.6363569892972796
4,72,-1.6503931469171462
4,73,-1.5131283920820016
4,74,-0.9055122349783821
4,75,-0.5870077116339852
4,76,0.12958402768365412
4,77,0.28566685478391457
4,78,1.2022608077017904
4,79,1.2703930497202711
4,80,1.201895672156794
4,81,1.3659296281371502
4,82,1.6723299897267057
4,83,-3.8257412838628952
4,84,-4.82892159990777
4,85,-4.82730559624202
4,86,-4.580356455091207
4,87,-4.568722543967522
4,88,-4.586563918415905
4,89,-4.514354804632162
4,90,-4.0773161911993885
4,91,-3.8124763403158894
4,92,-3.822150215412623
4,93,-4.105491797169946
4,94,-4.15581262600438
4,95,-4.016554384612218
4,96,-4.0194087006575705
4,97,-3.458864562609476
4,98,-3.9816676386068517
4,99,-3.7895231007422945
4,100,-3.91701128362795
4,101,-3.8649933116479245
4,102,-3.736731279852199
4,103,-3.7445057815800005
4,104,-4.122249473061647
4,105,-3.7479356052552792
4,106,-3.8104451737124245
4,107,-4.414273803705232
4,108,-4.289391993054199
4,109,-4.1121751478541
4,110,-3.9911768743637728
4,111,-4.370130726288441
4,112,-3.702524767108345
4,113,-3.383881679936955
4,114,-3.634320309956767
4,115,-3.7869963785216987
4,116,-3.627852840563768
4,117,-3.64403418249545
4,118,-4.415575112446104
4,119,-4.513681294093773
4,120,-3.3152437381611173
4,121,-3.4636696966511393
4,122,-2.8961690922990337
4,123,-2.8886581691560216
4,124,-3.091097824665024
4,125,-3.325307059538376
4,126,-3.6415355389254422
4,127,-3.735747338115196
4,128,-3.7840051003492268
4,129,-3.332360350748799
4,130,-3.1917892514826005
4,131,-3.3635143836966197
4,132,-3.7898613360863327
4,133,-3.3601707967622674
4,134,-3.735923070547345
4,135,-3.8375033713648476
4,136,-4.198855594873016
4,137,-3.574412148334935
4,138,-3.776589706783139
4,139,-3.404681782263491
4,140,-3.4709212069934727
4,141,-3.716674450821414
4,142,-3.726417655393414
4,143,-4.014307415448732
4,144,-3.699905066631914
4,145,-4.23714617167716
4,146,-3.8844567158695624
4,147,-4.146740946996756
4,148,-3.7935709291997592
4,149,-3.670732907114697
4,150,-2.5670244329307392
4,151,-2.582106957824965
4,152,-3.041367193248961
4,153,-3.7101308341934227
4,154,-3.998806463139521
4,155,-3.9903998917124723
4,156,-3.9159830078683604
4,157,-4.002212976986767
4,158,-4.384259232616987
4,159,-4.492341755569534
4,160,-4.036283736100194
4,161,-4.64492901522661
4,162,-3.9960379740894307
4,163,-4.8542224455222
4,164,-4.115543438338816
4,165,-4.041213105502057
4,166,-4.118524220891336
4,167,-3.6300994197755503
4,168,-3.8281171019471056
4,169,-3.831952953474727
4,170,-4.506751199378521
4,171,-4.725993798160353
4,172,-4.5764302384300235
4,173,-4.897545917694947
4,174,-4.443995659816032
4,175,-4.315586761000669
4,176,-3.5646287423306626
4,177,-3.9176464389305337
4,178,-4.370684562913082
4,179,-3.810519467430175
4,180,-3.8323815200812104
4,181,-3.7484844223958906
4,182,-3.7761355048551724
4,183,-3.8761839215161897
4,184,-3.9299018965525963
4,185,-3.5305504232413476
4,186,-3.599618739157724
4,187,-4.132940180376958
4,188,-4.281580306588213
4,189,-4.777533860821202
4,190,-4.440618384239541
4,191,-4.689782339455596
4,192,-3.813781774586184
4,193,-4.091693326270735
4,194,-3.8789740835332216
4,195,-4.283874370666392
4,196,-4.4670278868093165
4,197,-4.3772397548138136
4,198,-4.455087355254297
4,199,-4.023340011980435
4,200,-3.756948866347893
4,201,-3.5152651993176716
4,202,-3.3401397271161204
4,203,-3.696825754014342
4,204,-3.2979251238836222
4,205,-3.474099764103789
4,206,-4.462940817879529
4,207,-4.003398425906991
4,208,-3.34050835332851
4,209,-3.994583223827162
4,210,-4.034631673125223
4,211,-3.5502902822923255
4,212,-3.53998693422924
4,213,-2.5742882260397226
4,214,-2.8682968104828888
4,215,-3.064786598258748
4,216,-3.004094838067714
4,217,-4.413464734548402
4,218,-3.1528172081073658
4,219,-3.4265492920188696
4,220,-4.404033560499699
4,221,-4.69943136642027
4,222,-4.5496582766969444
4,223,-4.177195722436198
4,224,-4.209406560762261
4,225,-3.5547166830608465
4,226,-3.377930161791574
4,227,-3.5657685074516454
4,228,-3.9041880209949005
4,229,-4.2537868398028955
4,230,-3.488497099353972
4,231,-3.3677796076018445
4,232,-3.1588172717616847
4,233,-3.3117273106900904
4,234,-3.5269444884632484
4,235,-2.2947042337949703
4,236,-4.600232824433451
4,237,-4.925633247334493
4,238,-5.008917487433876
4,239,-4.3245880812310835
4,240,-4.679210781032373
4,241,-4.331412419396497
4,242,-3.684112145728682
4,243,-3.5714643965276647
4,244,-3.94352811623812
4,245,-3.976575620319667
4,246,-4.673941702900796
4,247,-3.7735941755168714
4,248,-4.0681031158609935
4,249,-4.131801393756489
4,250,-3.9447967906629122
4,251,-3.8542940354262876
4,252,-3.8098693892093665
4,253,-4.214210899851634
4,254,-4.275677790595962
4,255,-4.102604908415784
4,256,-3.9351399155856868
4,257,-4.157542722915044
4,258,-4.396982406014538
4,259,-4.587463866076882
4,260,-4.037510602859594
4,261,-4.3367802190087446
4,262,-4.332050984091789
4,263,-4.131727407683125
4,264,-4.876513113827782
4,265,-5.263348726455009
4,266,-4.96802038517276
4,267,-5.526856580890166
4,268,-4.937079176646038
4,269,-4.870508057623988
4,270,-5.048321078656707
4,271,-5.065503034033508
4,272,-4.7329247273252175
4,273,-5.125150634912993
4,274,-4.648537536096513
4,275,-4.660908731637345
4,276,-4.916124911752859
4,277,-4.218831913482463
4,278,-4.920239510167922
4,279,-4.533349101384616
4,280,-4.8043429253457015
4,281,-4.592452334406227
4,282,-5.656619629602758
4,283,-5.10660206683285
4,284,-4.7878854934177415
4,285,-5.488826073831712
4,286,-5.502503465324388
4,287,-5.004132023625919
4,288,-4.839189299914286
4,289,-4.496328570227031
4,290,-4.08626303891511
4,291,-4.513579451280736
4,292,-4.87968193198766
4,293,-5.1032273275141105
4,294,-5.02837221554495
4,295,-5.0657858645097695
4,296,-5.211058949840139
4,297,-2.500723453064358
4,298,-4.180939031427433
4,299,-3.8105649190424105
4,300,-3.5102241108577834
4,301,-3.9946479214944133
4,302,-3.38032774663858
4,303,-3.0206490800180896
4,304,-2.930322316643322
4,305,-3.432826114292566
4,306,-3.0215068898988062
4,307,-2.894298406570756
4,308,-3.938954964423054
4,309,-4.414112490856591
4,310,-2.477909848992304
4,311,-2.659069220844349
4,312,-2.4890412250093683
4,313,-1.5881572084381816
4,314,-0.8168860352430085
4,315,-3.882178252833995
4,316,-4.33917925302656
4,317,-4.010640734540239
4,318,-3.870239180669291
4,319,-4.091922926029002
4,320,-3.9601313698693827
4,321,-4.420595748354668
4,322,-4.315690829765857
4,323,-4.5028024809214315
4,324,-4.112285047658351
4,325,-4.213640081613048
4,326,-4.384601574526815
4,327,-4.261340903499905
4,328,-4.434980036116159
4,329,-4.600463734684792
4,330,-4.404386400147303
4,331,-4.210756264555247
4,332,-4.6906908721720475
4,333,-4.274185858692479
4,334,-3.49826081720806
4,335,-3.756363990858911
4,336,-3.9239721206687252
4,337,-4.0356796679548435
4,338,-3.1237712961412294
4,339,-4.215141129750509
4,340,-3.7304108162159544
4,341,-3.339453873983552
4,342,-3.367668334929727
4,343,-3.7942306479296324
4,344,-4.313321517343896
4,345,-3.7019556445719863
4,346,-4.4801731256403965
4,347,-4.156924030033051
4,348,-4.048942645958665
4,349,-4.052273112204584
4,350,-4.538341655240356
4,351,-4.126240247125539
4,352,-3.636820424262233
4,353,-4.031643051378913
4,354,-4.310064462841721
4,355,-4.409975432873359
4,356,-4.540863740676575
4,357,-4.696210344785478
4,358,-4.806499895686704
4,359,-4.193940078672878
4,360,-4.388974079536858
4,361,-4.19772319445528
4,362,-3.952813072485745
4,363,-3.836495566485298
4,364,-4.934475301881943
4,365,-4.314899200209813
4,366,-4.559126520712204
4,367,-4.871410925495905
4,368,-4.653750677722202
4,369,-4.945185304266534
4,370,-4.9766656463570085
4,371,-4.021314130828406
4,372,-4.631546602627295
4,373,-4.6793574453104405
4,374,-4.192487017688787
4,375,-4.269067932968225
4,376,-4.82138596690858
4,377,-4.109127732724066
4,378,-4.934419260950957
4,379,-3.8464195177159213
4,380,-4.3205406387928695
4,381,-4.854268286785362
4,382,-4.875498992559627
4,383,-4.998645010799435
4,384,-3.991561951259438
4,385,-4.481605264555682
4,386,-3.912174956450044
4,387,-4.432300550996094
4,388,-3.9149312236914406
4,389,-4.441319379322423
4,390,-4.222419878793646
4,391,-4.232614414188843
4,392,-4.173160789332869
4,393,-3.779173873482183
4,394,-3.976153827606821
4,395,-3.7920171808216874
4,396,-4.691216602025843
4,397,-3.4174082350620103
4,398,-4.601964426834762
4,399,-3.9739394217770396
4,400,-4.75390050898391
4,401,-3.967344057624858
4,402,-3.9964753318664354
4,403,-4.137528778148464
4,404,-4.873831093754355
4,405,-4.864949062395543
4,406,-4.854005308312111
4,407,-4.737265216211357
4,408,-3.484958315964506
4,409,-4.54056841500369
4,410,-2.7384684788280436
4,411,-3.394357281950402
4,412,-4.7998969636728
4,413,-4.062870738901375
4,414,-4.1426754112730455
4,415,-4.272238150026207
4,416,-4.160006543480192
4,417,-4.144408830147728
4,418,-3.91350524945566
4,419,-4.45901619647687
4,420,-4.7280975331505415
4,421,-4.3872370290560925
4,422,-4.355273504999194
4,423,-4.761192300069206
4,424,-4.700878764170218
4,425,-4.474148451376004
4,426,-4.619664500408201
4,427,-4.323760031747212
4,428,-5.092771375729178
4,429,-5.009905054288592
4,430,-3.8783557387144305
4,431,-3.7926045007473266
4,432,-2.9549356991584474
4,433,-3.06146745482799
4,434,-3.2595324755198645
4,435,-3.2335072544603425
4,436,-3.228148520239876
4,437,-3.185802883182733
4,438,-3.0984412436604636
4,439,-3.004743066281936
4,440,-3.2607437419854945
4,441,-3.5590550666176255
4,442,-3.481991026197111
4,443,-3.4008414551434485
4,444,-3.2704957496795575
4,445,-3.8178570280581425
4,446,-3.709110848265771
4,447,-3.8207832370389294
4,448,-4.026664052105055
4,449,-3.6120320478471584
4,450,-4.022322703991408
4,451,-3.879734323232564
4,452,-3.790065207187946
4,453,-3.608370227221965
4,454,-3.602409182614274
4,455,-3.17248576803205
4,456,-4.12215249277155
4,457,-3.4752161563597617
4,458,-3.6453273601049823
4,459,-4.354388165615868
4,460,-3.9977183475273494
5,0,0.3385779129226665
5,1,-1.2918442845263043
5,2,0.19976338683750042
5,3,2.1569040859355653
5,4,1.7207964815804637
5,5,-1.210831224156608
5,6,0.7342952397632984
5,7,0.9399590617823059
5,8,0.23934513880108732
5,9,1.0154808113760057
5,10,0.5561695623595408
5,11,0.10234133352052822
5,12,0.855455263681038
5,13,-0.1583367017781667
5,14,1.4659174569352502
5,15,2.3815956121143547
5,16,1.1079706930006032
5,17,2.167835195783807
5,18,1.4083391844167186
5,19,0.08500195277325438
5,20,-1.0832300529113008
5,21,0.3968000830942435
5,22,-0.36952256785707027
5,23,0.14221977876539996
5,24,-1.2150157338297949
5,25,1.6170244820767228
5,26,2.1567320309209674
5,27,1.704710595616958
5,28,2.4798387585513044
5,29,1.0035415171360307
5,30,1.802488050750712
5,31,-0.33708147016546675
5,32,-1.4911482032864425
5,33,-1.4792113817616706
5,34,-1.5449845680085497
5,35,-1.610442212403986
5,36,-1.472897589473011
5,37,-1.3845065534336265
5,38,-1.5416115784629292
5,39,-2.051184525554368
5,40,-1.0295754405700603
5,41,-1.3815654710555827
5,42,-1.473758398509826
5,43,-1.4201545415213335
5,44,-0.9555765837677294
5,45,-0.9342607778970694
5,46,-0.9650544275483792
5,47,-0.9973011090170723
5,48,-1.1350216034942657
5,49,-1.45160342182184
5,50,-1.0515124178157735
5,51,-1.3723048579435382
5,52,-0.8787830754071728
5,53,-0.8611830491538361
5,54,-0.5241160205988447
5,55,-0.669256674023077
5,56,-0.9143317646419272
5,57,-0.6424310743190492
5,58,-0.06383022240353758
5,59,-0.7497115299695055
5,60,-0.5000606681483356
5,61,0.09333368314618884
5,62,-0.00869341305087164
5,63,-0.4286313897908511
5,64,-0.40627431814701465
5,65,-0.5490021407986778
5,66,-1.2992785745241744
5,67,-0.9333202981366641
5,68,-1.1673468457692342
5,69,-1.0354938514808132
5,70,-0.6656329654826637
5,71,-1.0929442564550882
5,72,-0.528034564840344
5,73,-0.5000313992804037
5,74,-2.606491022312377
5,75,-2.164892756695322
5,76,-2.6497243551997536
5,77,-2.4318232598659604
5,78,-2.4660701242466674
5,79,-2.5176379708068786
5,80,-2.4510509279043204
5,81,-2.558429041049969
5,82,-2.29411971291524
5,83,-1.477245964274505
5,84,-1.9610837834037622
5,85,-1.9326535492405446
5,86,-2.008317068705557
5,87,-2.0276258468621555
5,88,-2.043330618208822
5,89,-1.939742904815479
5,90,-1.5949398731325746
5,91,-1.8010464485847868
5,92,-1.9459668788695454
5,93,-1.6900729516346593
5,94,-1.6233475122532472
5,95,-2.1616115621626113
5,96,-2.197238323874516
5,97,-0.4262287916394917
5,98,-1.1751845327307724
5,99,-0.5793844738321822
5,100,-0.8417989273650739
5,101,-0.6533680270045709
5,102,-0.5142773480107993
5,103,-0.7992793270961153
5,104,-0.47845305766303825
5,105,-0.7827006379095489
5,106,-0.9719918860416149
5,107,-1.435214252206953
5,108,-1.3041570953247539
5,109,-1.260390952976925
5,110,-1.24567722271497
5,111,-0.8737204453095679
5,112,-1.1288840514614618
5,113,-1.2651183091093652
5,114,-1.6951412572839177
5,115,-1.5518517786063941
5,116,-1.5957549219183287
5,117,-1.544867349185609
5,118,-1.7367046120160083
5,119,-1.8574941286732798
5,120,-1.9399119248539058
5,121,-2.1903910257148023
5,122,-2.22561549520485
5,123,-2.1843295815513204
5,124,-2.1165469610237877
5,125,-2.128190013782299
5,126,-1.846626745161846
5,127,-1.8272966088561249
5,128,-1.8183451431236355
5,129,-2.105127530963187
5,130,-2.3086870973039777
5,131,-1.9726897945344102
5,132,-2.5482301346970355
5,133,-2.633939508657741
5,134,-2.029225421029076
5,135,-2.183432030275802
5,136,-2.152208338557307
5,137,-2.392254548866001
5,138,-2.477355665531506
5,139,-2.1010318343107053
5,140,-2.2550707630301425
5,141,-2.437202322461595
5,142,-1.4951575211656623
5,143,-1.7066485698473979
5,144,-1.885276792550393
5,145,-1.3270140416095275
5,146,-1.4757614166108635
5,147,-1.1906269985108786
5,148,-1.6681131979534907
5,149,-1.8098254389259236
5,150,-1.6586585399690053
5,151,-1.6058204392214654
5,152,-1.6563420688911072
5,153,-2.158420393466099
5,154,-1.7529540484553388
5,155,-1.7815642675690595
5,156,-1.707361185151183
5,157,-1.8203212926804324
5,158,-1.7697367055436453
5,159,-1.2683694590623347
5,160,-1.4214154963777839
5,161,-2.085077702637573
5,162,-1.1644856203380378
5,163,-1.4163291668420968
5,164,-2.0322032564368606
5,165,-2.436644207183847
5,166,-2.429496178405611
5,167,-2.655118723418179
5,168,-2.266040333816294
5,169,-2.000531492429317
5,170,-2.2511365470243008
5,171,-1.9639105475325724
5,172,-2.215021991083285
5,173,-2.0343151576054965
5,174,-1.9237617878274345
5,175,-2.035848819352827
5,176,-2.3409361208180393
5,177,-2.3939293368138452
5,178,-2.0707657787611624
5,179,-1.673111230409378
5,180,-1.843534107848315
5,181,-1.607090278507498
5,182,-1.7827549643328187
5,183,-1.8229352182627017
5,184,-1.829867295366779
5,185,-1.8893152496935657
5,186,-1.876161570516479
5,187,-1.6821752230182725
5,188,-1.945171049237352
5,189,-1.8461823362680798
5,190,-2.003009949167789
5,191,-2.0328766086655676
5,192,-2.327881446437242
5,193,-2.2139687995150394
5,194,-2.471057926221521
5,195,-2.076257590087386
5,196,-1.8654698032936126
5,197,-2.083011403521352
5,198,-1.8085701304790531
5,199,-2.911147841503449
5,200,-2.314187117427371
5,201,-2.354056824053288
5,202,-3.002829855059196
5,203,-2.470400113540359
5,204,-3.1113602257131214
5,205,-2.591363419772905
5,206,-2.5564047222068007
5,207,-2.1425675001928033
5,208,-2.171470090215433
5,209,-2.1620553980419723
5,210,-2.0275839248938725
5,211,-2.2174643159904535
5,212,-2.001314595228843
5,213,-2.0682624608869786
5,214,-2.3242457155587344
5,215,-2.1912138420560683
5,216,-2.2480419029795247
5,217,-2.013918906267325
5,218,-2.1999694756547044
5,219,-2.5011112750884674
5,220,-2.322852791307288
5,221,-1.8094108235973247
5,222,-2.4338472080324207
5,223,-2.2893667553722277
5,224,-2.3657287204968456
5,225,-2.2944226784206245
5,226,-2.2715672425434446
5,227,-2.1267371880183354
5,228,-2.359097093875216
5,229,-2.403022593871324
5,230,-2.0431959185453197
5,231,-2.1412305770298405
5,232,-2.133513976098391
5,233,-2.2072048687171733
5,234,-2.4072225852873244
5,235,-1.234643502164161
5,236,-0.8133269930932635
5,237,-1.3182000755214536
5,238,-1.2130516839501544
5,239,-0.7441995299093265
5,240,-0.409584070229874
5,241,-0.8700436319244327
5,242,-0.9431456103344532
5,243,-1.0033845108805803
5,244,-1.4054253004776462
5,245,-1.3271937646587262
5,246,-1.2718590495408386
5,247,-1.1277281791357523
5,248,-0.9117834738174214
5,249,-0.8467309468344955
5,250,-0.4625515939645802
5,251,-0.6733603187756116
5,252,-0.86808571660335
5,253,-0.8907632650269677
5,254,-1.4532803937527161
5,255,-1.7946149249524102
5,256,-1.6860885732146758
5,257,-0.9287401181867764
5,258,-1.0644786377002848
5,259,-0.6202105868605745
5,260,-0.6831557068694863
5,261,-0.8058885627404129
5,262,-0.9027831360787962
5,263,-1.0346798390345127
5,264,-0.9979427157755855
5,265,-1.213985623438223
5,266,-0.9880875820668347
5,267,-1.3013168928653336
5,268,-1.9663821430310215
5,269,-1.6246063501006207
5,270,-2.2349161792395082
5,271,-2.086595323921734
5,272,-2.192919277214465
5,273,-2.0913346497514516
5,274,-2.7690906005686173
5,275,-2.540575012605428
5,276,-1.3938460282271523
5,277,-1.083813764794457
5,278,-1.7884592352117812
5,279,-1.1155918964722653
5,280,-1.6577217785121803
5,281,-1.436755744189254
5,282,-2.25126205226636
5,283,-2.156879362846702
5,284,-1.8814270695434925
5,285,-1.9443770753974299
5,286,-1.7062115170092202
5,287,-2.608766731631541
5,288,-3.1002043989854062
5,289,-1.289044363251755
5,290,-1.5508752118963003
5,291,-1.3110170839600674
5,292,-1.37284226327317
5,293,-1.456107047177626
5,294,-1.6595294997141044
5,295,-1.5171557042741903
5,296,-1.746064501300424
5,297,-2.559707996037382
5,298,-1.888174997547745
5,299,-2.0398090852188564
5,300,-2.516710730038011
5,301,-2.544690687224788
5,302,-2.042424237350702
5,303,-2.9542813640436236
5,304,-3.043541633510362
5,305,-3.1196320858226874
5,306,-3.158978504753149
5,307,-2.9651349807868606
5,308,-3.3494371298345897
5,309,-1.741691736107176
5,310,-2.8478686293569893
5,311,-2.9911511918791893
5,312,-3.3242795315927904
5,313,-3.10902774448798
5,314,-1.3891605415215853
5,315,-1.599730168519908
5,316,-1.4152102923785839
5,317,-1.1235025584149885
5,318,-1.1896470647136965
5,319,-1.117230925468192
5,320,-1.1162451407009077
5,321,-1.2858386626158491
5,322,-1.4313714686320502
5,323,-1.3794753047211945
5,324,-0.8986186263321471
5,325,-0.9574956540282819
5,326,-0.6570189648826299
5,327,-0.7876710786470675
5,328,-0.6939993345040368
5,329,-1.2982431457298533
5,330,-1.2240554495661125
5,331,-1.7457132691920296
5,332,-1.1381259396666137
5,333,-1.8339187813990778
5,334,0.37754556746425033
5,335,-1.0280516372167499
5,336,-1.1125308491344843
5,337,-1.4064194926767286
5,338,-1.4430993463998778
5,339,-1.8700121305544188
5,340,-2.377201869864169
5,341,-0.6984224550984724
5,342,-1.3972887422296734
5,343,-1.4072481561863865
5,344,-0.8016449590013033
5,345,-0.8249050348121194
5,346,-0.3933367600419772
5,347,-1.879413523571899
5,348,-0.8714588730982379
5,349,-1.6132696114346319
5,350,-2.1966766328757124
5,351,-1.9778358961805644
5,352,-1.438615726822057
5,353,-1.7959907397606742
5,354,-1.877829255486486
5,355,-2.0370436594078276
5,356,-1.8626881831001048
5,357,-2.067385457320423
5,358,-1.6243085971400024
5,359,-1.709140553557011
5,360,-1.0250827216349179
5,361,-2.2087422038782387
5,362,-2.030462097176419
5,363,-2.1187654919881758
5,364,-1.6610562591066718
5,365,-1.4771661420935593
5,366,-1.2834828333678368
5,367,-1.9582481991652616
5,368,-1.251739664566186
5,369,-1.5474557580206316
5,370,-1.0311303842369735
5,371,-0.9350412052471603
5,372,-2.0520024205915948
5,373,-1.9128091696070062
5,374,-1.6947283317341617
5,375,-1.8938225830037991
5,376,-1.6304209343101903
5,377,-2.137103404799647
5,378,-1.8926803047917484
5,379,-1.6212940962295448
5,380,-1.899904052807944
5,381,-1.7330120674437322
5,382,-1.172275303099165
5,383,-1.7023089970861474
5,384,-1.1596269921647175
5,385,-1.6286460369961804
5,386,-1.2016750317949147
5,387,-1.6824225785209097
5,388,-2.1227100798994627
5,389,-1.2714957225852546
5,390,-2.282419544053246
5,391,-1.8748480099817628
5,392,-1.9043605410955822
5,393,-1.7452300728218975
5,394,-2.248586476557835
5,395,-1.892728925315071
5,396,-0.5377695648226185
5,397,-1.3390774350973838
5,398,-1.6954740895117797
5,399,-1.2879751493327705
5,400,-1.9751121852906621
5,401,-0.20788460297992942
5,402,-2.161052697054354
5,403,-2.1667246991680105
5,404,-2.035492299277003
5,405,-1.747324978312878
5,406,-1.157588067935459
5,407,-1.5671583934861213
5,408,-2.152875571768239
5,409,-1.916755179618207
5,410,-2.1893462368470713
5,411,-2.6856133132193563
5,412,-2.2494055137375524
5,413,-1.6629565763939183
5,414,-1.1199386112143588
5,415,-2.512225641916045
5,416,-1.8595013102193847
5,417,-2.514859337553303
5,418,-2.3552598387928825
5,419,-1.562851013711737
5,420,-1.7513625883814332
5,421,-2.0482588403768083
5,422,-2.061828099198235
5,423,-2.0724934966546207
5,424,-1.7394107691599958
5,425,-2.2175461138136288
5,426,-2.2490415711757565
5,427,-1.7740804293776828
5,428,-1.960869321760599
5,429,-1.8167043652951236
5,430,-2.19659560043671
5,431,-2.3422106814320043
5,432,-2.2578476778335297
5,433,-1.643227241081188
5,434,-1.9754013872703118
5,435,-2.0287211616304757
5,436,-1.7308326979679067
5,437,-1.9737432644504955
5,438,-2.108612863115856
5,439,-2.2468663369958217
5,440,-2.104700694137172
5,441,-2.1170845928794795
5,442,-2.02182501775646
5,443,-1.8112050242894004
5,444,-1.9057872422506565
5,445,-1.7084475137022492
5,446,-1.7642523612072254
5,447,-1.8296081555532444
5,448,-1.0957698941125713
5,449,-1.2344570696227575
5,450,-1.4069031339000757
5,451,-1.1591566912303317
5,452,-1.5939923852251507
5,453,-1.3106465001356677
5,454,-1.5349918712553243
5,455,-1.138588442714606
5,456,-1.5580974242246561
5,457,-1.5420564506269956
5,458,-1.1907310678768954
5,459,-1.3553438540160978
5,460,-0.530116438566002
